source,clip,kind,release,material,licence,attribution,terms_accepted,terms_verified,redistributable,origin,roles
speech_commands_v0.02,,speech_commands_v2,v0.02,speech,CC-BY-4.0,"Warden, P. (2018). Speech Commands: A Dataset for Limited-Vocabulary Speech Recognition. arXiv:1804.03209. Creative Commons Attribution 4.0 International (CC BY 4.0). The full v0.02 release (105,829 clips, 35 keywords, official validation/testing lists); _background_noise_/ excluded",CC BY 4.0: attribution,2026-09-08,yes,"http://download.tensorflow.org/data/speech_commands_v0.02.tar.gz (public download, no account; place the tarball under archives/speech_commands_v0.02/)",train dev eval-speech
openslr_17_musan,,musan,SLR17,noise,CC-BY-4.0,"Snyder, D., Chen, G. & Povey, D. (2015). MUSAN: A Music, Speech, and Noise Corpus. arXiv:1510.08484. OpenSLR SLR17, CC BY 4.0; the noise partition (free-sound and sound-bible subsets), attributed per file from each subset's LICENSE; noise-sound-bible-0000 excluded (no attribution block upstream)",CC BY 4.0: attribution,2026-09-08,yes,"https://www.openslr.org/resources/17/musan.tar.gz (public download, no account; place musan.tar.gz under archives/openslr_17_musan/)",aug eval-noise
openslr_17_musan,openslr_17_musan/musan/noise/free-sound/noise-free-sound-0000,musan,SLR17,noise,public-domain,"All selected recordings were marked as in the Public Domain
on Free Sound (url: https://www.freesound.org/).",CC BY 4.0: attribution,2026-09-08,yes,"https://www.openslr.org/resources/17/musan.tar.gz (public download, no account; place musan.tar.gz under archives/openslr_17_musan/)",aug
openslr_17_musan,openslr_17_musan/musan/noise/free-sound/noise-free-sound-0001,musan,SLR17,noise,public-domain,"All selected recordings were marked as in the Public Domain
on Free Sound (url: https://www.freesound.org/).",CC BY 4.0: attribution,2026-09-08,yes,"https://www.openslr.org/resources/17/musan.tar.gz (public download, no account; place musan.tar.gz under archives/openslr_17_musan/)",aug
openslr_17_musan,openslr_17_musan/musan/noise/free-sound/noise-free-sound-0002,musan,SLR17,noise,public-domain,"All selected recordings were marked as in the Public Domain
on Free Sound (url: https://www.freesound.org/).",CC BY 4.0: attribution,2026-09-08,yes,"https://www.openslr.org/resources/17/musan.tar.gz (public download, no account; place musan.tar.gz under archives/openslr_17_musan/)",aug
openslr_17_musan,openslr_17_musan/musan/noise/free-sound/noise-free-sound-0003,musan,SLR17,noise,public-domain,"All selected recordings were marked as in the Public Domain
on Free Sound (url: https://www.freesound.org/).",CC BY 4.0: attribution,2026-09-08,yes,"https://www.openslr.org/resources/17/musan.tar.gz (public download, no account; place musan.tar.gz under archives/openslr_17_musan/)",aug
openslr_17_musan,openslr_17_musan/musan/noise/free-sound/noise-free-sound-0004,musan,SLR17,noise,public-domain,"All selected recordings were marked as in the Public Domain
on Free Sound (url: https://www.freesound.org/).",CC BY 4.0: attribution,2026-09-08,yes,"https://www.openslr.org/resources/17/musan.tar.gz (public download, no account; place musan.tar.gz under archives/openslr_17_musan/)",eval-noise
openslr_17_musan,openslr_17_musan/musan/noise/free-sound/noise-free-sound-0005,musan,SLR17,noise,public-domain,"All selected recordings were marked as in the Public Domain
on Free Sound (url: https://www.freesound.org/).",CC BY 4.0: attribution,2026-09-08,yes,"https://www.openslr.org/resources/17/musan.tar.gz (public download, no account; place musan.tar.gz under archives/openslr_17_musan/)",aug
openslr_17_musan,openslr_17_musan/musan/noise/free-sound/noise-free-sound-0006,musan,SLR17,noise,public-domain,"All selected recordings were marked as in the Public Domain
on Free Sound (url: https://www.freesound.org/).",CC BY 4.0: attribution,2026-09-08,yes,"https://www.openslr.org/resources/17/musan.tar.gz (public download, no account; place musan.tar.gz under archives/openslr_17_musan/)",aug
openslr_17_musan,openslr_17_musan/musan/noise/free-sound/noise-free-sound-0007,musan,SLR17,noise,public-domain,"All selected recordings were marked as in the Public Domain
on Free Sound (url: https://www.freesound.org/).",CC BY 4.0: attribution,2026-09-08,yes,"https://www.openslr.org/resources/17/musan.tar.gz (public download, no account; place musan.tar.gz under archives/openslr_17_musan/)",aug
openslr_17_musan,openslr_17_musan/musan/noise/free-sound/noise-free-sound-0008,musan,SLR17,noise,public-domain,"All selected recordings were marked as in the Public Domain
on Free Sound (url: https://www.freesound.org/).",CC BY 4.0: attribution,2026-09-08,yes,"https://www.openslr.org/resources/17/musan.tar.gz (public download, no account; place musan.tar.gz under archives/openslr_17_musan/)",aug
openslr_17_musan,openslr_17_musan/musan/noise/free-sound/noise-free-sound-0009,musan,SLR17,noise,public-domain,"All selected recordings were marked as in the Public Domain
on Free Sound (url: https://www.freesound.org/).",CC BY 4.0: attribution,2026-09-08,yes,"https://www.openslr.org/resources/17/musan.tar.gz (public download, no account; place musan.tar.gz under archives/openslr_17_musan/)",eval-noise
openslr_17_musan,openslr_17_musan/musan/noise/free-sound/noise-free-sound-0010,musan,SLR17,noise,public-domain,"All selected recordings were marked as in the Public Domain
on Free Sound (url: https://www.freesound.org/).",CC BY 4.0: attribution,2026-09-08,yes,"https://www.openslr.org/resources/17/musan.tar.gz (public download, no account; place musan.tar.gz under archives/openslr_17_musan/)",aug
openslr_17_musan,openslr_17_musan/musan/noise/free-sound/noise-free-sound-0011,musan,SLR17,noise,public-domain,"All selected recordings were marked as in the Public Domain
on Free Sound (url: https://www.freesound.org/).",CC BY 4.0: attribution,2026-09-08,yes,"https://www.openslr.org/resources/17/musan.tar.gz (public download, no account; place musan.tar.gz under archives/openslr_17_musan/)",aug
openslr_17_musan,openslr_17_musan/musan/noise/free-sound/noise-free-sound-0012,musan,SLR17,noise,public-domain,"All selected recordings were marked as in the Public Domain
on Free Sound (url: https://www.freesound.org/).",CC BY 4.0: attribution,2026-09-08,yes,"https://www.openslr.org/resources/17/musan.tar.gz (public download, no account; place musan.tar.gz under archives/openslr_17_musan/)",aug
openslr_17_musan,openslr_17_musan/musan/noise/free-sound/noise-free-sound-0013,musan,SLR17,noise,public-domain,"All selected recordings were marked as in the Public Domain
on Free Sound (url: https://www.freesound.org/).",CC BY 4.0: attribution,2026-09-08,yes,"https://www.openslr.org/resources/17/musan.tar.gz (public download, no account; place musan.tar.gz under archives/openslr_17_musan/)",aug
openslr_17_musan,openslr_17_musan/musan/noise/free-sound/noise-free-sound-0014,musan,SLR17,noise,public-domain,"All selected recordings were marked as in the Public Domain
on Free Sound (url: https://www.freesound.org/).",CC BY 4.0: attribution,2026-09-08,yes,"https://www.openslr.org/resources/17/musan.tar.gz (public download, no account; place musan.tar.gz under archives/openslr_17_musan/)",aug
openslr_17_musan,openslr_17_musan/musan/noise/free-sound/noise-free-sound-0015,musan,SLR17,noise,public-domain,"All selected recordings were marked as in the Public Domain
on Free Sound (url: https://www.freesound.org/).",CC BY 4.0: attribution,2026-09-08,yes,"https://www.openslr.org/resources/17/musan.tar.gz (public download, no account; place musan.tar.gz under archives/openslr_17_musan/)",aug
openslr_17_musan,openslr_17_musan/musan/noise/free-sound/noise-free-sound-0016,musan,SLR17,noise,public-domain,"All selected recordings were marked as in the Public Domain
on Free Sound (url: https://www.freesound.org/).",CC BY 4.0: attribution,2026-09-08,yes,"https://www.openslr.org/resources/17/musan.tar.gz (public download, no account; place musan.tar.gz under archives/openslr_17_musan/)",aug
openslr_17_musan,openslr_17_musan/musan/noise/free-sound/noise-free-sound-0017,musan,SLR17,noise,public-domain,"All selected recordings were marked as in the Public Domain
on Free Sound (url: https://www.freesound.org/).",CC BY 4.0: attribution,2026-09-08,yes,"https://www.openslr.org/resources/17/musan.tar.gz (public download, no account; place musan.tar.gz under archives/openslr_17_musan/)",aug
openslr_17_musan,openslr_17_musan/musan/noise/free-sound/noise-free-sound-0018,musan,SLR17,noise,public-domain,"All selected recordings were marked as in the Public Domain
on Free Sound (url: https://www.freesound.org/).",CC BY 4.0: attribution,2026-09-08,yes,"https://www.openslr.org/resources/17/musan.tar.gz (public download, no account; place musan.tar.gz under archives/openslr_17_musan/)",aug
openslr_17_musan,openslr_17_musan/musan/noise/free-sound/noise-free-sound-0019,musan,SLR17,noise,public-domain,"All selected recordings were marked as in the Public Domain
on Free Sound (url: https://www.freesound.org/).",CC BY 4.0: attribution,2026-09-08,yes,"https://www.openslr.org/resources/17/musan.tar.gz (public download, no account; place musan.tar.gz under archives/openslr_17_musan/)",eval-noise
openslr_17_musan,openslr_17_musan/musan/noise/free-sound/noise-free-sound-0020,musan,SLR17,noise,public-domain,"All selected recordings were marked as in the Public Domain
on Free Sound (url: https://www.freesound.org/).",CC BY 4.0: attribution,2026-09-08,yes,"https://www.openslr.org/resources/17/musan.tar.gz (public download, no account; place musan.tar.gz under archives/openslr_17_musan/)",aug
openslr_17_musan,openslr_17_musan/musan/noise/free-sound/noise-free-sound-0021,musan,SLR17,noise,public-domain,"All selected recordings were marked as in the Public Domain
on Free Sound (url: https://www.freesound.org/).",CC BY 4.0: attribution,2026-09-08,yes,"https://www.openslr.org/resources/17/musan.tar.gz (public download, no account; place musan.tar.gz under archives/openslr_17_musan/)",aug
openslr_17_musan,openslr_17_musan/musan/noise/free-sound/noise-free-sound-0022,musan,SLR17,noise,public-domain,"All selected recordings were marked as in the Public Domain
on Free Sound (url: https://www.freesound.org/).",CC BY 4.0: attribution,2026-09-08,yes,"https://www.openslr.org/resources/17/musan.tar.gz (public download, no account; place musan.tar.gz under archives/openslr_17_musan/)",aug
openslr_17_musan,openslr_17_musan/musan/noise/free-sound/noise-free-sound-0023,musan,SLR17,noise,public-domain,"All selected recordings were marked as in the Public Domain
on Free Sound (url: https://www.freesound.org/).",CC BY 4.0: attribution,2026-09-08,yes,"https://www.openslr.org/resources/17/musan.tar.gz (public download, no account; place musan.tar.gz under archives/openslr_17_musan/)",aug
openslr_17_musan,openslr_17_musan/musan/noise/free-sound/noise-free-sound-0024,musan,SLR17,noise,public-domain,"All selected recordings were marked as in the Public Domain
on Free Sound (url: https://www.freesound.org/).",CC BY 4.0: attribution,2026-09-08,yes,"https://www.openslr.org/resources/17/musan.tar.gz (public download, no account; place musan.tar.gz under archives/openslr_17_musan/)",aug
openslr_17_musan,openslr_17_musan/musan/noise/free-sound/noise-free-sound-0025,musan,SLR17,noise,public-domain,"All selected recordings were marked as in the Public Domain
on Free Sound (url: https://www.freesound.org/).",CC BY 4.0: attribution,2026-09-08,yes,"https://www.openslr.org/resources/17/musan.tar.gz (public download, no account; place musan.tar.gz under archives/openslr_17_musan/)",eval-noise
openslr_17_musan,openslr_17_musan/musan/noise/free-sound/noise-free-sound-0026,musan,SLR17,noise,public-domain,"All selected recordings were marked as in the Public Domain
on Free Sound (url: https://www.freesound.org/).",CC BY 4.0: attribution,2026-09-08,yes,"https://www.openslr.org/resources/17/musan.tar.gz (public download, no account; place musan.tar.gz under archives/openslr_17_musan/)",eval-noise
openslr_17_musan,openslr_17_musan/musan/noise/free-sound/noise-free-sound-0027,musan,SLR17,noise,public-domain,"All selected recordings were marked as in the Public Domain
on Free Sound (url: https://www.freesound.org/).",CC BY 4.0: attribution,2026-09-08,yes,"https://www.openslr.org/resources/17/musan.tar.gz (public download, no account; place musan.tar.gz under archives/openslr_17_musan/)",eval-noise
openslr_17_musan,openslr_17_musan/musan/noise/free-sound/noise-free-sound-0028,musan,SLR17,noise,public-domain,"All selected recordings were marked as in the Public Domain
on Free Sound (url: https://www.freesound.org/).",CC BY 4.0: attribution,2026-09-08,yes,"https://www.openslr.org/resources/17/musan.tar.gz (public download, no account; place musan.tar.gz under archives/openslr_17_musan/)",aug
openslr_17_musan,openslr_17_musan/musan/noise/free-sound/noise-free-sound-0029,musan,SLR17,noise,public-domain,"All selected recordings were marked as in the Public Domain
on Free Sound (url: https://www.freesound.org/).",CC BY 4.0: attribution,2026-09-08,yes,"https://www.openslr.org/resources/17/musan.tar.gz (public download, no account; place musan.tar.gz under archives/openslr_17_musan/)",aug
openslr_17_musan,openslr_17_musan/musan/noise/free-sound/noise-free-sound-0030,musan,SLR17,noise,public-domain,"All selected recordings were marked as in the Public Domain
on Free Sound (url: https://www.freesound.org/).",CC BY 4.0: attribution,2026-09-08,yes,"https://www.openslr.org/resources/17/musan.tar.gz (public download, no account; place musan.tar.gz under archives/openslr_17_musan/)",aug
openslr_17_musan,openslr_17_musan/musan/noise/free-sound/noise-free-sound-0031,musan,SLR17,noise,public-domain,"All selected recordings were marked as in the Public Domain
on Free Sound (url: https://www.freesound.org/).",CC BY 4.0: attribution,2026-09-08,yes,"https://www.openslr.org/resources/17/musan.tar.gz (public download, no account; place musan.tar.gz under archives/openslr_17_musan/)",aug
openslr_17_musan,openslr_17_musan/musan/noise/free-sound/noise-free-sound-0032,musan,SLR17,noise,public-domain,"All selected recordings were marked as in the Public Domain
on Free Sound (url: https://www.freesound.org/).",CC BY 4.0: attribution,2026-09-08,yes,"https://www.openslr.org/resources/17/musan.tar.gz (public download, no account; place musan.tar.gz under archives/openslr_17_musan/)",aug
openslr_17_musan,openslr_17_musan/musan/noise/free-sound/noise-free-sound-0033,musan,SLR17,noise,public-domain,"All selected recordings were marked as in the Public Domain
on Free Sound (url: https://www.freesound.org/).",CC BY 4.0: attribution,2026-09-08,yes,"https://www.openslr.org/resources/17/musan.tar.gz (public download, no account; place musan.tar.gz under archives/openslr_17_musan/)",aug
openslr_17_musan,openslr_17_musan/musan/noise/free-sound/noise-free-sound-0034,musan,SLR17,noise,public-domain,"All selected recordings were marked as in the Public Domain
on Free Sound (url: https://www.freesound.org/).",CC BY 4.0: attribution,2026-09-08,yes,"https://www.openslr.org/resources/17/musan.tar.gz (public download, no account; place musan.tar.gz under archives/openslr_17_musan/)",aug
openslr_17_musan,openslr_17_musan/musan/noise/free-sound/noise-free-sound-0035,musan,SLR17,noise,public-domain,"All selected recordings were marked as in the Public Domain
on Free Sound (url: https://www.freesound.org/).",CC BY 4.0: attribution,2026-09-08,yes,"https://www.openslr.org/resources/17/musan.tar.gz (public download, no account; place musan.tar.gz under archives/openslr_17_musan/)",aug
openslr_17_musan,openslr_17_musan/musan/noise/free-sound/noise-free-sound-0036,musan,SLR17,noise,public-domain,"All selected recordings were marked as in the Public Domain
on Free Sound (url: https://www.freesound.org/).",CC BY 4.0: attribution,2026-09-08,yes,"https://www.openslr.org/resources/17/musan.tar.gz (public download, no account; place musan.tar.gz under archives/openslr_17_musan/)",aug
openslr_17_musan,openslr_17_musan/musan/noise/free-sound/noise-free-sound-0037,musan,SLR17,noise,public-domain,"All selected recordings were marked as in the Public Domain
on Free Sound (url: https://www.freesound.org/).",CC BY 4.0: attribution,2026-09-08,yes,"https://www.openslr.org/resources/17/musan.tar.gz (public download, no account; place musan.tar.gz under archives/openslr_17_musan/)",aug
openslr_17_musan,openslr_17_musan/musan/noise/free-sound/noise-free-sound-0038,musan,SLR17,noise,public-domain,"All selected recordings were marked as in the Public Domain
on Free Sound (url: https://www.freesound.org/).",CC BY 4.0: attribution,2026-09-08,yes,"https://www.openslr.org/resources/17/musan.tar.gz (public download, no account; place musan.tar.gz under archives/openslr_17_musan/)",aug
openslr_17_musan,openslr_17_musan/musan/noise/free-sound/noise-free-sound-0039,musan,SLR17,noise,public-domain,"All selected recordings were marked as in the Public Domain
on Free Sound (url: https://www.freesound.org/).",CC BY 4.0: attribution,2026-09-08,yes,"https://www.openslr.org/resources/17/musan.tar.gz (public download, no account; place musan.tar.gz under archives/openslr_17_musan/)",aug
openslr_17_musan,openslr_17_musan/musan/noise/free-sound/noise-free-sound-0040,musan,SLR17,noise,public-domain,"All selected recordings were marked as in the Public Domain
on Free Sound (url: https://www.freesound.org/).",CC BY 4.0: attribution,2026-09-08,yes,"https://www.openslr.org/resources/17/musan.tar.gz (public download, no account; place musan.tar.gz under archives/openslr_17_musan/)",aug
openslr_17_musan,openslr_17_musan/musan/noise/free-sound/noise-free-sound-0041,musan,SLR17,noise,public-domain,"All selected recordings were marked as in the Public Domain
on Free Sound (url: https://www.freesound.org/).",CC BY 4.0: attribution,2026-09-08,yes,"https://www.openslr.org/resources/17/musan.tar.gz (public download, no account; place musan.tar.gz under archives/openslr_17_musan/)",aug
openslr_17_musan,openslr_17_musan/musan/noise/free-sound/noise-free-sound-0042,musan,SLR17,noise,public-domain,"All selected recordings were marked as in the Public Domain
on Free Sound (url: https://www.freesound.org/).",CC BY 4.0: attribution,2026-09-08,yes,"https://www.openslr.org/resources/17/musan.tar.gz (public download, no account; place musan.tar.gz under archives/openslr_17_musan/)",aug
openslr_17_musan,openslr_17_musan/musan/noise/free-sound/noise-free-sound-0043,musan,SLR17,noise,public-domain,"All selected recordings were marked as in the Public Domain
on Free Sound (url: https://www.freesound.org/).",CC BY 4.0: attribution,2026-09-08,yes,"https://www.openslr.org/resources/17/musan.tar.gz (public download, no account; place musan.tar.gz under archives/openslr_17_musan/)",aug
openslr_17_musan,openslr_17_musan/musan/noise/free-sound/noise-free-sound-0044,musan,SLR17,noise,public-domain,"All selected recordings were marked as in the Public Domain
on Free Sound (url: https://www.freesound.org/).",CC BY 4.0: attribution,2026-09-08,yes,"https://www.openslr.org/resources/17/musan.tar.gz (public download, no account; place musan.tar.gz under archives/openslr_17_musan/)",aug
openslr_17_musan,openslr_17_musan/musan/noise/free-sound/noise-free-sound-0045,musan,SLR17,noise,public-domain,"All selected recordings were marked as in the Public Domain
on Free Sound (url: https://www.freesound.org/).",CC BY 4.0: attribution,2026-09-08,yes,"https://www.openslr.org/resources/17/musan.tar.gz (public download, no account; place musan.tar.gz under archives/openslr_17_musan/)",aug
openslr_17_musan,openslr_17_musan/musan/noise/free-sound/noise-free-sound-0046,musan,SLR17,noise,public-domain,"All selected recordings were marked as in the Public Domain
on Free Sound (url: https://www.freesound.org/).",CC BY 4.0: attribution,2026-09-08,yes,"https://www.openslr.org/resources/17/musan.tar.gz (public download, no account; place musan.tar.gz under archives/openslr_17_musan/)",aug
openslr_17_musan,openslr_17_musan/musan/noise/free-sound/noise-free-sound-0047,musan,SLR17,noise,public-domain,"All selected recordings were marked as in the Public Domain
on Free Sound (url: https://www.freesound.org/).",CC BY 4.0: attribution,2026-09-08,yes,"https://www.openslr.org/resources/17/musan.tar.gz (public download, no account; place musan.tar.gz under archives/openslr_17_musan/)",aug
openslr_17_musan,openslr_17_musan/musan/noise/free-sound/noise-free-sound-0048,musan,SLR17,noise,public-domain,"All selected recordings were marked as in the Public Domain
on Free Sound (url: https://www.freesound.org/).",CC BY 4.0: attribution,2026-09-08,yes,"https://www.openslr.org/resources/17/musan.tar.gz (public download, no account; place musan.tar.gz under archives/openslr_17_musan/)",aug
openslr_17_musan,openslr_17_musan/musan/noise/free-sound/noise-free-sound-0049,musan,SLR17,noise,public-domain,"All selected recordings were marked as in the Public Domain
on Free Sound (url: https://www.freesound.org/).",CC BY 4.0: attribution,2026-09-08,yes,"https://www.openslr.org/resources/17/musan.tar.gz (public download, no account; place musan.tar.gz under archives/openslr_17_musan/)",aug
openslr_17_musan,openslr_17_musan/musan/noise/free-sound/noise-free-sound-0050,musan,SLR17,noise,public-domain,"All selected recordings were marked as in the Public Domain
on Free Sound (url: https://www.freesound.org/).",CC BY 4.0: attribution,2026-09-08,yes,"https://www.openslr.org/resources/17/musan.tar.gz (public download, no account; place musan.tar.gz under archives/openslr_17_musan/)",aug
openslr_17_musan,openslr_17_musan/musan/noise/free-sound/noise-free-sound-0051,musan,SLR17,noise,public-domain,"All selected recordings were marked as in the Public Domain
on Free Sound (url: https://www.freesound.org/).",CC BY 4.0: attribution,2026-09-08,yes,"https://www.openslr.org/resources/17/musan.tar.gz (public download, no account; place musan.tar.gz under archives/openslr_17_musan/)",aug
openslr_17_musan,openslr_17_musan/musan/noise/free-sound/noise-free-sound-0052,musan,SLR17,noise,public-domain,"All selected recordings were marked as in the Public Domain
on Free Sound (url: https://www.freesound.org/).",CC BY 4.0: attribution,2026-09-08,yes,"https://www.openslr.org/resources/17/musan.tar.gz (public download, no account; place musan.tar.gz under archives/openslr_17_musan/)",aug
openslr_17_musan,openslr_17_musan/musan/noise/free-sound/noise-free-sound-0053,musan,SLR17,noise,public-domain,"All selected recordings were marked as in the Public Domain
on Free Sound (url: https://www.freesound.org/).",CC BY 4.0: attribution,2026-09-08,yes,"https://www.openslr.org/resources/17/musan.tar.gz (public download, no account; place musan.tar.gz under archives/openslr_17_musan/)",aug
openslr_17_musan,openslr_17_musan/musan/noise/free-sound/noise-free-sound-0054,musan,SLR17,noise,public-domain,"All selected recordings were marked as in the Public Domain
on Free Sound (url: https://www.freesound.org/).",CC BY 4.0: attribution,2026-09-08,yes,"https://www.openslr.org/resources/17/musan.tar.gz (public download, no account; place musan.tar.gz under archives/openslr_17_musan/)",aug
openslr_17_musan,openslr_17_musan/musan/noise/free-sound/noise-free-sound-0055,musan,SLR17,noise,public-domain,"All selected recordings were marked as in the Public Domain
on Free Sound (url: https://www.freesound.org/).",CC BY 4.0: attribution,2026-09-08,yes,"https://www.openslr.org/resources/17/musan.tar.gz (public download, no account; place musan.tar.gz under archives/openslr_17_musan/)",aug
openslr_17_musan,openslr_17_musan/musan/noise/free-sound/noise-free-sound-0056,musan,SLR17,noise,public-domain,"All selected recordings were marked as in the Public Domain
on Free Sound (url: https://www.freesound.org/).",CC BY 4.0: attribution,2026-09-08,yes,"https://www.openslr.org/resources/17/musan.tar.gz (public download, no account; place musan.tar.gz under archives/openslr_17_musan/)",aug
openslr_17_musan,openslr_17_musan/musan/noise/free-sound/noise-free-sound-0057,musan,SLR17,noise,public-domain,"All selected recordings were marked as in the Public Domain
on Free Sound (url: https://www.freesound.org/).",CC BY 4.0: attribution,2026-09-08,yes,"https://www.openslr.org/resources/17/musan.tar.gz (public download, no account; place musan.tar.gz under archives/openslr_17_musan/)",aug
openslr_17_musan,openslr_17_musan/musan/noise/free-sound/noise-free-sound-0058,musan,SLR17,noise,public-domain,"All selected recordings were marked as in the Public Domain
on Free Sound (url: https://www.freesound.org/).",CC BY 4.0: attribution,2026-09-08,yes,"https://www.openslr.org/resources/17/musan.tar.gz (public download, no account; place musan.tar.gz under archives/openslr_17_musan/)",aug
openslr_17_musan,openslr_17_musan/musan/noise/free-sound/noise-free-sound-0059,musan,SLR17,noise,public-domain,"All selected recordings were marked as in the Public Domain
on Free Sound (url: https://www.freesound.org/).",CC BY 4.0: attribution,2026-09-08,yes,"https://www.openslr.org/resources/17/musan.tar.gz (public download, no account; place musan.tar.gz under archives/openslr_17_musan/)",aug
openslr_17_musan,openslr_17_musan/musan/noise/free-sound/noise-free-sound-0060,musan,SLR17,noise,public-domain,"All selected recordings were marked as in the Public Domain
on Free Sound (url: https://www.freesound.org/).",CC BY 4.0: attribution,2026-09-08,yes,"https://www.openslr.org/resources/17/musan.tar.gz (public download, no account; place musan.tar.gz under archives/openslr_17_musan/)",aug
openslr_17_musan,openslr_17_musan/musan/noise/free-sound/noise-free-sound-0061,musan,SLR17,noise,public-domain,"All selected recordings were marked as in the Public Domain
on Free Sound (url: https://www.freesound.org/).",CC BY 4.0: attribution,2026-09-08,yes,"https://www.openslr.org/resources/17/musan.tar.gz (public download, no account; place musan.tar.gz under archives/openslr_17_musan/)",aug
openslr_17_musan,openslr_17_musan/musan/noise/free-sound/noise-free-sound-0062,musan,SLR17,noise,public-domain,"All selected recordings were marked as in the Public Domain
on Free Sound (url: https://www.freesound.org/).",CC BY 4.0: attribution,2026-09-08,yes,"https://www.openslr.org/resources/17/musan.tar.gz (public download, no account; place musan.tar.gz under archives/openslr_17_musan/)",aug
openslr_17_musan,openslr_17_musan/musan/noise/free-sound/noise-free-sound-0063,musan,SLR17,noise,public-domain,"All selected recordings were marked as in the Public Domain
on Free Sound (url: https://www.freesound.org/).",CC BY 4.0: attribution,2026-09-08,yes,"https://www.openslr.org/resources/17/musan.tar.gz (public download, no account; place musan.tar.gz under archives/openslr_17_musan/)",aug
openslr_17_musan,openslr_17_musan/musan/noise/free-sound/noise-free-sound-0064,musan,SLR17,noise,public-domain,"All selected recordings were marked as in the Public Domain
on Free Sound (url: https://www.freesound.org/).",CC BY 4.0: attribution,2026-09-08,yes,"https://www.openslr.org/resources/17/musan.tar.gz (public download, no account; place musan.tar.gz under archives/openslr_17_musan/)",aug
openslr_17_musan,openslr_17_musan/musan/noise/free-sound/noise-free-sound-0065,musan,SLR17,noise,public-domain,"All selected recordings were marked as in the Public Domain
on Free Sound (url: https://www.freesound.org/).",CC BY 4.0: attribution,2026-09-08,yes,"https://www.openslr.org/resources/17/musan.tar.gz (public download, no account; place musan.tar.gz under archives/openslr_17_musan/)",aug
openslr_17_musan,openslr_17_musan/musan/noise/free-sound/noise-free-sound-0066,musan,SLR17,noise,public-domain,"All selected recordings were marked as in the Public Domain
on Free Sound (url: https://www.freesound.org/).",CC BY 4.0: attribution,2026-09-08,yes,"https://www.openslr.org/resources/17/musan.tar.gz (public download, no account; place musan.tar.gz under archives/openslr_17_musan/)",aug
openslr_17_musan,openslr_17_musan/musan/noise/free-sound/noise-free-sound-0067,musan,SLR17,noise,public-domain,"All selected recordings were marked as in the Public Domain
on Free Sound (url: https://www.freesound.org/).",CC BY 4.0: attribution,2026-09-08,yes,"https://www.openslr.org/resources/17/musan.tar.gz (public download, no account; place musan.tar.gz under archives/openslr_17_musan/)",aug
openslr_17_musan,openslr_17_musan/musan/noise/free-sound/noise-free-sound-0068,musan,SLR17,noise,public-domain,"All selected recordings were marked as in the Public Domain
on Free Sound (url: https://www.freesound.org/).",CC BY 4.0: attribution,2026-09-08,yes,"https://www.openslr.org/resources/17/musan.tar.gz (public download, no account; place musan.tar.gz under archives/openslr_17_musan/)",aug
openslr_17_musan,openslr_17_musan/musan/noise/free-sound/noise-free-sound-0069,musan,SLR17,noise,public-domain,"All selected recordings were marked as in the Public Domain
on Free Sound (url: https://www.freesound.org/).",CC BY 4.0: attribution,2026-09-08,yes,"https://www.openslr.org/resources/17/musan.tar.gz (public download, no account; place musan.tar.gz under archives/openslr_17_musan/)",aug
openslr_17_musan,openslr_17_musan/musan/noise/free-sound/noise-free-sound-0070,musan,SLR17,noise,public-domain,"All selected recordings were marked as in the Public Domain
on Free Sound (url: https://www.freesound.org/).",CC BY 4.0: attribution,2026-09-08,yes,"https://www.openslr.org/resources/17/musan.tar.gz (public download, no account; place musan.tar.gz under archives/openslr_17_musan/)",aug
openslr_17_musan,openslr_17_musan/musan/noise/free-sound/noise-free-sound-0071,musan,SLR17,noise,public-domain,"All selected recordings were marked as in the Public Domain
on Free Sound (url: https://www.freesound.org/).",CC BY 4.0: attribution,2026-09-08,yes,"https://www.openslr.org/resources/17/musan.tar.gz (public download, no account; place musan.tar.gz under archives/openslr_17_musan/)",eval-noise
openslr_17_musan,openslr_17_musan/musan/noise/free-sound/noise-free-sound-0072,musan,SLR17,noise,public-domain,"All selected recordings were marked as in the Public Domain
on Free Sound (url: https://www.freesound.org/).",CC BY 4.0: attribution,2026-09-08,yes,"https://www.openslr.org/resources/17/musan.tar.gz (public download, no account; place musan.tar.gz under archives/openslr_17_musan/)",aug
openslr_17_musan,openslr_17_musan/musan/noise/free-sound/noise-free-sound-0073,musan,SLR17,noise,public-domain,"All selected recordings were marked as in the Public Domain
on Free Sound (url: https://www.freesound.org/).",CC BY 4.0: attribution,2026-09-08,yes,"https://www.openslr.org/resources/17/musan.tar.gz (public download, no account; place musan.tar.gz under archives/openslr_17_musan/)",aug
openslr_17_musan,openslr_17_musan/musan/noise/free-sound/noise-free-sound-0074,musan,SLR17,noise,public-domain,"All selected recordings were marked as in the Public Domain
on Free Sound (url: https://www.freesound.org/).",CC BY 4.0: attribution,2026-09-08,yes,"https://www.openslr.org/resources/17/musan.tar.gz (public download, no account; place musan.tar.gz under archives/openslr_17_musan/)",eval-noise
openslr_17_musan,openslr_17_musan/musan/noise/free-sound/noise-free-sound-0075,musan,SLR17,noise,public-domain,"All selected recordings were marked as in the Public Domain
on Free Sound (url: https://www.freesound.org/).",CC BY 4.0: attribution,2026-09-08,yes,"https://www.openslr.org/resources/17/musan.tar.gz (public download, no account; place musan.tar.gz under archives/openslr_17_musan/)",aug
openslr_17_musan,openslr_17_musan/musan/noise/free-sound/noise-free-sound-0076,musan,SLR17,noise,public-domain,"All selected recordings were marked as in the Public Domain
on Free Sound (url: https://www.freesound.org/).",CC BY 4.0: attribution,2026-09-08,yes,"https://www.openslr.org/resources/17/musan.tar.gz (public download, no account; place musan.tar.gz under archives/openslr_17_musan/)",aug
openslr_17_musan,openslr_17_musan/musan/noise/free-sound/noise-free-sound-0077,musan,SLR17,noise,public-domain,"All selected recordings were marked as in the Public Domain
on Free Sound (url: https://www.freesound.org/).",CC BY 4.0: attribution,2026-09-08,yes,"https://www.openslr.org/resources/17/musan.tar.gz (public download, no account; place musan.tar.gz under archives/openslr_17_musan/)",eval-noise
openslr_17_musan,openslr_17_musan/musan/noise/free-sound/noise-free-sound-0078,musan,SLR17,noise,public-domain,"All selected recordings were marked as in the Public Domain
on Free Sound (url: https://www.freesound.org/).",CC BY 4.0: attribution,2026-09-08,yes,"https://www.openslr.org/resources/17/musan.tar.gz (public download, no account; place musan.tar.gz under archives/openslr_17_musan/)",aug
openslr_17_musan,openslr_17_musan/musan/noise/free-sound/noise-free-sound-0079,musan,SLR17,noise,public-domain,"All selected recordings were marked as in the Public Domain
on Free Sound (url: https://www.freesound.org/).",CC BY 4.0: attribution,2026-09-08,yes,"https://www.openslr.org/resources/17/musan.tar.gz (public download, no account; place musan.tar.gz under archives/openslr_17_musan/)",aug
openslr_17_musan,openslr_17_musan/musan/noise/free-sound/noise-free-sound-0080,musan,SLR17,noise,public-domain,"All selected recordings were marked as in the Public Domain
on Free Sound (url: https://www.freesound.org/).",CC BY 4.0: attribution,2026-09-08,yes,"https://www.openslr.org/resources/17/musan.tar.gz (public download, no account; place musan.tar.gz under archives/openslr_17_musan/)",aug
openslr_17_musan,openslr_17_musan/musan/noise/free-sound/noise-free-sound-0081,musan,SLR17,noise,public-domain,"All selected recordings were marked as in the Public Domain
on Free Sound (url: https://www.freesound.org/).",CC BY 4.0: attribution,2026-09-08,yes,"https://www.openslr.org/resources/17/musan.tar.gz (public download, no account; place musan.tar.gz under archives/openslr_17_musan/)",aug
openslr_17_musan,openslr_17_musan/musan/noise/free-sound/noise-free-sound-0082,musan,SLR17,noise,public-domain,"All selected recordings were marked as in the Public Domain
on Free Sound (url: https://www.freesound.org/).",CC BY 4.0: attribution,2026-09-08,yes,"https://www.openslr.org/resources/17/musan.tar.gz (public download, no account; place musan.tar.gz under archives/openslr_17_musan/)",aug
openslr_17_musan,openslr_17_musan/musan/noise/free-sound/noise-free-sound-0083,musan,SLR17,noise,public-domain,"All selected recordings were marked as in the Public Domain
on Free Sound (url: https://www.freesound.org/).",CC BY 4.0: attribution,2026-09-08,yes,"https://www.openslr.org/resources/17/musan.tar.gz (public download, no account; place musan.tar.gz under archives/openslr_17_musan/)",aug
openslr_17_musan,openslr_17_musan/musan/noise/free-sound/noise-free-sound-0084,musan,SLR17,noise,public-domain,"All selected recordings were marked as in the Public Domain
on Free Sound (url: https://www.freesound.org/).",CC BY 4.0: attribution,2026-09-08,yes,"https://www.openslr.org/resources/17/musan.tar.gz (public download, no account; place musan.tar.gz under archives/openslr_17_musan/)",aug
openslr_17_musan,openslr_17_musan/musan/noise/free-sound/noise-free-sound-0085,musan,SLR17,noise,public-domain,"All selected recordings were marked as in the Public Domain
on Free Sound (url: https://www.freesound.org/).",CC BY 4.0: attribution,2026-09-08,yes,"https://www.openslr.org/resources/17/musan.tar.gz (public download, no account; place musan.tar.gz under archives/openslr_17_musan/)",aug
openslr_17_musan,openslr_17_musan/musan/noise/free-sound/noise-free-sound-0086,musan,SLR17,noise,public-domain,"All selected recordings were marked as in the Public Domain
on Free Sound (url: https://www.freesound.org/).",CC BY 4.0: attribution,2026-09-08,yes,"https://www.openslr.org/resources/17/musan.tar.gz (public download, no account; place musan.tar.gz under archives/openslr_17_musan/)",aug
openslr_17_musan,openslr_17_musan/musan/noise/free-sound/noise-free-sound-0087,musan,SLR17,noise,public-domain,"All selected recordings were marked as in the Public Domain
on Free Sound (url: https://www.freesound.org/).",CC BY 4.0: attribution,2026-09-08,yes,"https://www.openslr.org/resources/17/musan.tar.gz (public download, no account; place musan.tar.gz under archives/openslr_17_musan/)",aug
openslr_17_musan,openslr_17_musan/musan/noise/free-sound/noise-free-sound-0088,musan,SLR17,noise,public-domain,"All selected recordings were marked as in the Public Domain
on Free Sound (url: https://www.freesound.org/).",CC BY 4.0: attribution,2026-09-08,yes,"https://www.openslr.org/resources/17/musan.tar.gz (public download, no account; place musan.tar.gz under archives/openslr_17_musan/)",aug
openslr_17_musan,openslr_17_musan/musan/noise/free-sound/noise-free-sound-0089,musan,SLR17,noise,public-domain,"All selected recordings were marked as in the Public Domain
on Free Sound (url: https://www.freesound.org/).",CC BY 4.0: attribution,2026-09-08,yes,"https://www.openslr.org/resources/17/musan.tar.gz (public download, no account; place musan.tar.gz under archives/openslr_17_musan/)",aug
openslr_17_musan,openslr_17_musan/musan/noise/free-sound/noise-free-sound-0090,musan,SLR17,noise,public-domain,"All selected recordings were marked as in the Public Domain
on Free Sound (url: https://www.freesound.org/).",CC BY 4.0: attribution,2026-09-08,yes,"https://www.openslr.org/resources/17/musan.tar.gz (public download, no account; place musan.tar.gz under archives/openslr_17_musan/)",eval-noise
openslr_17_musan,openslr_17_musan/musan/noise/free-sound/noise-free-sound-0091,musan,SLR17,noise,public-domain,"All selected recordings were marked as in the Public Domain
on Free Sound (url: https://www.freesound.org/).",CC BY 4.0: attribution,2026-09-08,yes,"https://www.openslr.org/resources/17/musan.tar.gz (public download, no account; place musan.tar.gz under archives/openslr_17_musan/)",aug
openslr_17_musan,openslr_17_musan/musan/noise/free-sound/noise-free-sound-0092,musan,SLR17,noise,public-domain,"All selected recordings were marked as in the Public Domain
on Free Sound (url: https://www.freesound.org/).",CC BY 4.0: attribution,2026-09-08,yes,"https://www.openslr.org/resources/17/musan.tar.gz (public download, no account; place musan.tar.gz under archives/openslr_17_musan/)",aug
openslr_17_musan,openslr_17_musan/musan/noise/free-sound/noise-free-sound-0093,musan,SLR17,noise,public-domain,"All selected recordings were marked as in the Public Domain
on Free Sound (url: https://www.freesound.org/).",CC BY 4.0: attribution,2026-09-08,yes,"https://www.openslr.org/resources/17/musan.tar.gz (public download, no account; place musan.tar.gz under archives/openslr_17_musan/)",aug
openslr_17_musan,openslr_17_musan/musan/noise/free-sound/noise-free-sound-0094,musan,SLR17,noise,public-domain,"All selected recordings were marked as in the Public Domain
on Free Sound (url: https://www.freesound.org/).",CC BY 4.0: attribution,2026-09-08,yes,"https://www.openslr.org/resources/17/musan.tar.gz (public download, no account; place musan.tar.gz under archives/openslr_17_musan/)",aug
openslr_17_musan,openslr_17_musan/musan/noise/free-sound/noise-free-sound-0095,musan,SLR17,noise,public-domain,"All selected recordings were marked as in the Public Domain
on Free Sound (url: https://www.freesound.org/).",CC BY 4.0: attribution,2026-09-08,yes,"https://www.openslr.org/resources/17/musan.tar.gz (public download, no account; place musan.tar.gz under archives/openslr_17_musan/)",aug
openslr_17_musan,openslr_17_musan/musan/noise/free-sound/noise-free-sound-0096,musan,SLR17,noise,public-domain,"All selected recordings were marked as in the Public Domain
on Free Sound (url: https://www.freesound.org/).",CC BY 4.0: attribution,2026-09-08,yes,"https://www.openslr.org/resources/17/musan.tar.gz (public download, no account; place musan.tar.gz under archives/openslr_17_musan/)",aug
openslr_17_musan,openslr_17_musan/musan/noise/free-sound/noise-free-sound-0097,musan,SLR17,noise,public-domain,"All selected recordings were marked as in the Public Domain
on Free Sound (url: https://www.freesound.org/).",CC BY 4.0: attribution,2026-09-08,yes,"https://www.openslr.org/resources/17/musan.tar.gz (public download, no account; place musan.tar.gz under archives/openslr_17_musan/)",aug
openslr_17_musan,openslr_17_musan/musan/noise/free-sound/noise-free-sound-0098,musan,SLR17,noise,public-domain,"All selected recordings were marked as in the Public Domain
on Free Sound (url: https://www.freesound.org/).",CC BY 4.0: attribution,2026-09-08,yes,"https://www.openslr.org/resources/17/musan.tar.gz (public download, no account; place musan.tar.gz under archives/openslr_17_musan/)",aug
openslr_17_musan,openslr_17_musan/musan/noise/free-sound/noise-free-sound-0099,musan,SLR17,noise,public-domain,"All selected recordings were marked as in the Public Domain
on Free Sound (url: https://www.freesound.org/).",CC BY 4.0: attribution,2026-09-08,yes,"https://www.openslr.org/resources/17/musan.tar.gz (public download, no account; place musan.tar.gz under archives/openslr_17_musan/)",aug
openslr_17_musan,openslr_17_musan/musan/noise/free-sound/noise-free-sound-0100,musan,SLR17,noise,public-domain,"All selected recordings were marked as in the Public Domain
on Free Sound (url: https://www.freesound.org/).",CC BY 4.0: attribution,2026-09-08,yes,"https://www.openslr.org/resources/17/musan.tar.gz (public download, no account; place musan.tar.gz under archives/openslr_17_musan/)",eval-noise
openslr_17_musan,openslr_17_musan/musan/noise/free-sound/noise-free-sound-0101,musan,SLR17,noise,public-domain,"All selected recordings were marked as in the Public Domain
on Free Sound (url: https://www.freesound.org/).",CC BY 4.0: attribution,2026-09-08,yes,"https://www.openslr.org/resources/17/musan.tar.gz (public download, no account; place musan.tar.gz under archives/openslr_17_musan/)",aug
openslr_17_musan,openslr_17_musan/musan/noise/free-sound/noise-free-sound-0102,musan,SLR17,noise,public-domain,"All selected recordings were marked as in the Public Domain
on Free Sound (url: https://www.freesound.org/).",CC BY 4.0: attribution,2026-09-08,yes,"https://www.openslr.org/resources/17/musan.tar.gz (public download, no account; place musan.tar.gz under archives/openslr_17_musan/)",aug
openslr_17_musan,openslr_17_musan/musan/noise/free-sound/noise-free-sound-0103,musan,SLR17,noise,public-domain,"All selected recordings were marked as in the Public Domain
on Free Sound (url: https://www.freesound.org/).",CC BY 4.0: attribution,2026-09-08,yes,"https://www.openslr.org/resources/17/musan.tar.gz (public download, no account; place musan.tar.gz under archives/openslr_17_musan/)",aug
openslr_17_musan,openslr_17_musan/musan/noise/free-sound/noise-free-sound-0104,musan,SLR17,noise,public-domain,"All selected recordings were marked as in the Public Domain
on Free Sound (url: https://www.freesound.org/).",CC BY 4.0: attribution,2026-09-08,yes,"https://www.openslr.org/resources/17/musan.tar.gz (public download, no account; place musan.tar.gz under archives/openslr_17_musan/)",aug
openslr_17_musan,openslr_17_musan/musan/noise/free-sound/noise-free-sound-0105,musan,SLR17,noise,public-domain,"All selected recordings were marked as in the Public Domain
on Free Sound (url: https://www.freesound.org/).",CC BY 4.0: attribution,2026-09-08,yes,"https://www.openslr.org/resources/17/musan.tar.gz (public download, no account; place musan.tar.gz under archives/openslr_17_musan/)",aug
openslr_17_musan,openslr_17_musan/musan/noise/free-sound/noise-free-sound-0106,musan,SLR17,noise,public-domain,"All selected recordings were marked as in the Public Domain
on Free Sound (url: https://www.freesound.org/).",CC BY 4.0: attribution,2026-09-08,yes,"https://www.openslr.org/resources/17/musan.tar.gz (public download, no account; place musan.tar.gz under archives/openslr_17_musan/)",aug
openslr_17_musan,openslr_17_musan/musan/noise/free-sound/noise-free-sound-0107,musan,SLR17,noise,public-domain,"All selected recordings were marked as in the Public Domain
on Free Sound (url: https://www.freesound.org/).",CC BY 4.0: attribution,2026-09-08,yes,"https://www.openslr.org/resources/17/musan.tar.gz (public download, no account; place musan.tar.gz under archives/openslr_17_musan/)",aug
openslr_17_musan,openslr_17_musan/musan/noise/free-sound/noise-free-sound-0108,musan,SLR17,noise,public-domain,"All selected recordings were marked as in the Public Domain
on Free Sound (url: https://www.freesound.org/).",CC BY 4.0: attribution,2026-09-08,yes,"https://www.openslr.org/resources/17/musan.tar.gz (public download, no account; place musan.tar.gz under archives/openslr_17_musan/)",aug
openslr_17_musan,openslr_17_musan/musan/noise/free-sound/noise-free-sound-0109,musan,SLR17,noise,public-domain,"All selected recordings were marked as in the Public Domain
on Free Sound (url: https://www.freesound.org/).",CC BY 4.0: attribution,2026-09-08,yes,"https://www.openslr.org/resources/17/musan.tar.gz (public download, no account; place musan.tar.gz under archives/openslr_17_musan/)",aug
openslr_17_musan,openslr_17_musan/musan/noise/free-sound/noise-free-sound-0110,musan,SLR17,noise,public-domain,"All selected recordings were marked as in the Public Domain
on Free Sound (url: https://www.freesound.org/).",CC BY 4.0: attribution,2026-09-08,yes,"https://www.openslr.org/resources/17/musan.tar.gz (public download, no account; place musan.tar.gz under archives/openslr_17_musan/)",aug
openslr_17_musan,openslr_17_musan/musan/noise/free-sound/noise-free-sound-0111,musan,SLR17,noise,public-domain,"All selected recordings were marked as in the Public Domain
on Free Sound (url: https://www.freesound.org/).",CC BY 4.0: attribution,2026-09-08,yes,"https://www.openslr.org/resources/17/musan.tar.gz (public download, no account; place musan.tar.gz under archives/openslr_17_musan/)",aug
openslr_17_musan,openslr_17_musan/musan/noise/free-sound/noise-free-sound-0112,musan,SLR17,noise,public-domain,"All selected recordings were marked as in the Public Domain
on Free Sound (url: https://www.freesound.org/).",CC BY 4.0: attribution,2026-09-08,yes,"https://www.openslr.org/resources/17/musan.tar.gz (public download, no account; place musan.tar.gz under archives/openslr_17_musan/)",eval-noise
openslr_17_musan,openslr_17_musan/musan/noise/free-sound/noise-free-sound-0113,musan,SLR17,noise,public-domain,"All selected recordings were marked as in the Public Domain
on Free Sound (url: https://www.freesound.org/).",CC BY 4.0: attribution,2026-09-08,yes,"https://www.openslr.org/resources/17/musan.tar.gz (public download, no account; place musan.tar.gz under archives/openslr_17_musan/)",eval-noise
openslr_17_musan,openslr_17_musan/musan/noise/free-sound/noise-free-sound-0114,musan,SLR17,noise,public-domain,"All selected recordings were marked as in the Public Domain
on Free Sound (url: https://www.freesound.org/).",CC BY 4.0: attribution,2026-09-08,yes,"https://www.openslr.org/resources/17/musan.tar.gz (public download, no account; place musan.tar.gz under archives/openslr_17_musan/)",eval-noise
openslr_17_musan,openslr_17_musan/musan/noise/free-sound/noise-free-sound-0115,musan,SLR17,noise,public-domain,"All selected recordings were marked as in the Public Domain
on Free Sound (url: https://www.freesound.org/).",CC BY 4.0: attribution,2026-09-08,yes,"https://www.openslr.org/resources/17/musan.tar.gz (public download, no account; place musan.tar.gz under archives/openslr_17_musan/)",aug
openslr_17_musan,openslr_17_musan/musan/noise/free-sound/noise-free-sound-0116,musan,SLR17,noise,public-domain,"All selected recordings were marked as in the Public Domain
on Free Sound (url: https://www.freesound.org/).",CC BY 4.0: attribution,2026-09-08,yes,"https://www.openslr.org/resources/17/musan.tar.gz (public download, no account; place musan.tar.gz under archives/openslr_17_musan/)",aug
openslr_17_musan,openslr_17_musan/musan/noise/free-sound/noise-free-sound-0117,musan,SLR17,noise,public-domain,"All selected recordings were marked as in the Public Domain
on Free Sound (url: https://www.freesound.org/).",CC BY 4.0: attribution,2026-09-08,yes,"https://www.openslr.org/resources/17/musan.tar.gz (public download, no account; place musan.tar.gz under archives/openslr_17_musan/)",aug
openslr_17_musan,openslr_17_musan/musan/noise/free-sound/noise-free-sound-0118,musan,SLR17,noise,public-domain,"All selected recordings were marked as in the Public Domain
on Free Sound (url: https://www.freesound.org/).",CC BY 4.0: attribution,2026-09-08,yes,"https://www.openslr.org/resources/17/musan.tar.gz (public download, no account; place musan.tar.gz under archives/openslr_17_musan/)",eval-noise
openslr_17_musan,openslr_17_musan/musan/noise/free-sound/noise-free-sound-0119,musan,SLR17,noise,public-domain,"All selected recordings were marked as in the Public Domain
on Free Sound (url: https://www.freesound.org/).",CC BY 4.0: attribution,2026-09-08,yes,"https://www.openslr.org/resources/17/musan.tar.gz (public download, no account; place musan.tar.gz under archives/openslr_17_musan/)",aug
openslr_17_musan,openslr_17_musan/musan/noise/free-sound/noise-free-sound-0120,musan,SLR17,noise,public-domain,"All selected recordings were marked as in the Public Domain
on Free Sound (url: https://www.freesound.org/).",CC BY 4.0: attribution,2026-09-08,yes,"https://www.openslr.org/resources/17/musan.tar.gz (public download, no account; place musan.tar.gz under archives/openslr_17_musan/)",aug
openslr_17_musan,openslr_17_musan/musan/noise/free-sound/noise-free-sound-0121,musan,SLR17,noise,public-domain,"All selected recordings were marked as in the Public Domain
on Free Sound (url: https://www.freesound.org/).",CC BY 4.0: attribution,2026-09-08,yes,"https://www.openslr.org/resources/17/musan.tar.gz (public download, no account; place musan.tar.gz under archives/openslr_17_musan/)",eval-noise
openslr_17_musan,openslr_17_musan/musan/noise/free-sound/noise-free-sound-0122,musan,SLR17,noise,public-domain,"All selected recordings were marked as in the Public Domain
on Free Sound (url: https://www.freesound.org/).",CC BY 4.0: attribution,2026-09-08,yes,"https://www.openslr.org/resources/17/musan.tar.gz (public download, no account; place musan.tar.gz under archives/openslr_17_musan/)",aug
openslr_17_musan,openslr_17_musan/musan/noise/free-sound/noise-free-sound-0123,musan,SLR17,noise,public-domain,"All selected recordings were marked as in the Public Domain
on Free Sound (url: https://www.freesound.org/).",CC BY 4.0: attribution,2026-09-08,yes,"https://www.openslr.org/resources/17/musan.tar.gz (public download, no account; place musan.tar.gz under archives/openslr_17_musan/)",aug
openslr_17_musan,openslr_17_musan/musan/noise/free-sound/noise-free-sound-0124,musan,SLR17,noise,public-domain,"All selected recordings were marked as in the Public Domain
on Free Sound (url: https://www.freesound.org/).",CC BY 4.0: attribution,2026-09-08,yes,"https://www.openslr.org/resources/17/musan.tar.gz (public download, no account; place musan.tar.gz under archives/openslr_17_musan/)",aug
openslr_17_musan,openslr_17_musan/musan/noise/free-sound/noise-free-sound-0125,musan,SLR17,noise,public-domain,"All selected recordings were marked as in the Public Domain
on Free Sound (url: https://www.freesound.org/).",CC BY 4.0: attribution,2026-09-08,yes,"https://www.openslr.org/resources/17/musan.tar.gz (public download, no account; place musan.tar.gz under archives/openslr_17_musan/)",aug
openslr_17_musan,openslr_17_musan/musan/noise/free-sound/noise-free-sound-0126,musan,SLR17,noise,public-domain,"All selected recordings were marked as in the Public Domain
on Free Sound (url: https://www.freesound.org/).",CC BY 4.0: attribution,2026-09-08,yes,"https://www.openslr.org/resources/17/musan.tar.gz (public download, no account; place musan.tar.gz under archives/openslr_17_musan/)",aug
openslr_17_musan,openslr_17_musan/musan/noise/free-sound/noise-free-sound-0127,musan,SLR17,noise,public-domain,"All selected recordings were marked as in the Public Domain
on Free Sound (url: https://www.freesound.org/).",CC BY 4.0: attribution,2026-09-08,yes,"https://www.openslr.org/resources/17/musan.tar.gz (public download, no account; place musan.tar.gz under archives/openslr_17_musan/)",eval-noise
openslr_17_musan,openslr_17_musan/musan/noise/free-sound/noise-free-sound-0128,musan,SLR17,noise,public-domain,"All selected recordings were marked as in the Public Domain
on Free Sound (url: https://www.freesound.org/).",CC BY 4.0: attribution,2026-09-08,yes,"https://www.openslr.org/resources/17/musan.tar.gz (public download, no account; place musan.tar.gz under archives/openslr_17_musan/)",aug
openslr_17_musan,openslr_17_musan/musan/noise/free-sound/noise-free-sound-0129,musan,SLR17,noise,public-domain,"All selected recordings were marked as in the Public Domain
on Free Sound (url: https://www.freesound.org/).",CC BY 4.0: attribution,2026-09-08,yes,"https://www.openslr.org/resources/17/musan.tar.gz (public download, no account; place musan.tar.gz under archives/openslr_17_musan/)",eval-noise
openslr_17_musan,openslr_17_musan/musan/noise/free-sound/noise-free-sound-0130,musan,SLR17,noise,public-domain,"All selected recordings were marked as in the Public Domain
on Free Sound (url: https://www.freesound.org/).",CC BY 4.0: attribution,2026-09-08,yes,"https://www.openslr.org/resources/17/musan.tar.gz (public download, no account; place musan.tar.gz under archives/openslr_17_musan/)",aug
openslr_17_musan,openslr_17_musan/musan/noise/free-sound/noise-free-sound-0131,musan,SLR17,noise,public-domain,"All selected recordings were marked as in the Public Domain
on Free Sound (url: https://www.freesound.org/).",CC BY 4.0: attribution,2026-09-08,yes,"https://www.openslr.org/resources/17/musan.tar.gz (public download, no account; place musan.tar.gz under archives/openslr_17_musan/)",aug
openslr_17_musan,openslr_17_musan/musan/noise/free-sound/noise-free-sound-0132,musan,SLR17,noise,public-domain,"All selected recordings were marked as in the Public Domain
on Free Sound (url: https://www.freesound.org/).",CC BY 4.0: attribution,2026-09-08,yes,"https://www.openslr.org/resources/17/musan.tar.gz (public download, no account; place musan.tar.gz under archives/openslr_17_musan/)",aug
openslr_17_musan,openslr_17_musan/musan/noise/free-sound/noise-free-sound-0133,musan,SLR17,noise,public-domain,"All selected recordings were marked as in the Public Domain
on Free Sound (url: https://www.freesound.org/).",CC BY 4.0: attribution,2026-09-08,yes,"https://www.openslr.org/resources/17/musan.tar.gz (public download, no account; place musan.tar.gz under archives/openslr_17_musan/)",aug
openslr_17_musan,openslr_17_musan/musan/noise/free-sound/noise-free-sound-0134,musan,SLR17,noise,public-domain,"All selected recordings were marked as in the Public Domain
on Free Sound (url: https://www.freesound.org/).",CC BY 4.0: attribution,2026-09-08,yes,"https://www.openslr.org/resources/17/musan.tar.gz (public download, no account; place musan.tar.gz under archives/openslr_17_musan/)",aug
openslr_17_musan,openslr_17_musan/musan/noise/free-sound/noise-free-sound-0135,musan,SLR17,noise,public-domain,"All selected recordings were marked as in the Public Domain
on Free Sound (url: https://www.freesound.org/).",CC BY 4.0: attribution,2026-09-08,yes,"https://www.openslr.org/resources/17/musan.tar.gz (public download, no account; place musan.tar.gz under archives/openslr_17_musan/)",aug
openslr_17_musan,openslr_17_musan/musan/noise/free-sound/noise-free-sound-0136,musan,SLR17,noise,public-domain,"All selected recordings were marked as in the Public Domain
on Free Sound (url: https://www.freesound.org/).",CC BY 4.0: attribution,2026-09-08,yes,"https://www.openslr.org/resources/17/musan.tar.gz (public download, no account; place musan.tar.gz under archives/openslr_17_musan/)",aug
openslr_17_musan,openslr_17_musan/musan/noise/free-sound/noise-free-sound-0137,musan,SLR17,noise,public-domain,"All selected recordings were marked as in the Public Domain
on Free Sound (url: https://www.freesound.org/).",CC BY 4.0: attribution,2026-09-08,yes,"https://www.openslr.org/resources/17/musan.tar.gz (public download, no account; place musan.tar.gz under archives/openslr_17_musan/)",aug
openslr_17_musan,openslr_17_musan/musan/noise/free-sound/noise-free-sound-0138,musan,SLR17,noise,public-domain,"All selected recordings were marked as in the Public Domain
on Free Sound (url: https://www.freesound.org/).",CC BY 4.0: attribution,2026-09-08,yes,"https://www.openslr.org/resources/17/musan.tar.gz (public download, no account; place musan.tar.gz under archives/openslr_17_musan/)",aug
openslr_17_musan,openslr_17_musan/musan/noise/free-sound/noise-free-sound-0139,musan,SLR17,noise,public-domain,"All selected recordings were marked as in the Public Domain
on Free Sound (url: https://www.freesound.org/).",CC BY 4.0: attribution,2026-09-08,yes,"https://www.openslr.org/resources/17/musan.tar.gz (public download, no account; place musan.tar.gz under archives/openslr_17_musan/)",aug
openslr_17_musan,openslr_17_musan/musan/noise/free-sound/noise-free-sound-0140,musan,SLR17,noise,public-domain,"All selected recordings were marked as in the Public Domain
on Free Sound (url: https://www.freesound.org/).",CC BY 4.0: attribution,2026-09-08,yes,"https://www.openslr.org/resources/17/musan.tar.gz (public download, no account; place musan.tar.gz under archives/openslr_17_musan/)",aug
openslr_17_musan,openslr_17_musan/musan/noise/free-sound/noise-free-sound-0141,musan,SLR17,noise,public-domain,"All selected recordings were marked as in the Public Domain
on Free Sound (url: https://www.freesound.org/).",CC BY 4.0: attribution,2026-09-08,yes,"https://www.openslr.org/resources/17/musan.tar.gz (public download, no account; place musan.tar.gz under archives/openslr_17_musan/)",aug
openslr_17_musan,openslr_17_musan/musan/noise/free-sound/noise-free-sound-0142,musan,SLR17,noise,public-domain,"All selected recordings were marked as in the Public Domain
on Free Sound (url: https://www.freesound.org/).",CC BY 4.0: attribution,2026-09-08,yes,"https://www.openslr.org/resources/17/musan.tar.gz (public download, no account; place musan.tar.gz under archives/openslr_17_musan/)",aug
openslr_17_musan,openslr_17_musan/musan/noise/free-sound/noise-free-sound-0143,musan,SLR17,noise,public-domain,"All selected recordings were marked as in the Public Domain
on Free Sound (url: https://www.freesound.org/).",CC BY 4.0: attribution,2026-09-08,yes,"https://www.openslr.org/resources/17/musan.tar.gz (public download, no account; place musan.tar.gz under archives/openslr_17_musan/)",aug
openslr_17_musan,openslr_17_musan/musan/noise/free-sound/noise-free-sound-0144,musan,SLR17,noise,public-domain,"All selected recordings were marked as in the Public Domain
on Free Sound (url: https://www.freesound.org/).",CC BY 4.0: attribution,2026-09-08,yes,"https://www.openslr.org/resources/17/musan.tar.gz (public download, no account; place musan.tar.gz under archives/openslr_17_musan/)",aug
openslr_17_musan,openslr_17_musan/musan/noise/free-sound/noise-free-sound-0145,musan,SLR17,noise,public-domain,"All selected recordings were marked as in the Public Domain
on Free Sound (url: https://www.freesound.org/).",CC BY 4.0: attribution,2026-09-08,yes,"https://www.openslr.org/resources/17/musan.tar.gz (public download, no account; place musan.tar.gz under archives/openslr_17_musan/)",aug
openslr_17_musan,openslr_17_musan/musan/noise/free-sound/noise-free-sound-0146,musan,SLR17,noise,public-domain,"All selected recordings were marked as in the Public Domain
on Free Sound (url: https://www.freesound.org/).",CC BY 4.0: attribution,2026-09-08,yes,"https://www.openslr.org/resources/17/musan.tar.gz (public download, no account; place musan.tar.gz under archives/openslr_17_musan/)",aug
openslr_17_musan,openslr_17_musan/musan/noise/free-sound/noise-free-sound-0147,musan,SLR17,noise,public-domain,"All selected recordings were marked as in the Public Domain
on Free Sound (url: https://www.freesound.org/).",CC BY 4.0: attribution,2026-09-08,yes,"https://www.openslr.org/resources/17/musan.tar.gz (public download, no account; place musan.tar.gz under archives/openslr_17_musan/)",aug
openslr_17_musan,openslr_17_musan/musan/noise/free-sound/noise-free-sound-0148,musan,SLR17,noise,public-domain,"All selected recordings were marked as in the Public Domain
on Free Sound (url: https://www.freesound.org/).",CC BY 4.0: attribution,2026-09-08,yes,"https://www.openslr.org/resources/17/musan.tar.gz (public download, no account; place musan.tar.gz under archives/openslr_17_musan/)",eval-noise
openslr_17_musan,openslr_17_musan/musan/noise/free-sound/noise-free-sound-0149,musan,SLR17,noise,public-domain,"All selected recordings were marked as in the Public Domain
on Free Sound (url: https://www.freesound.org/).",CC BY 4.0: attribution,2026-09-08,yes,"https://www.openslr.org/resources/17/musan.tar.gz (public download, no account; place musan.tar.gz under archives/openslr_17_musan/)",aug
openslr_17_musan,openslr_17_musan/musan/noise/free-sound/noise-free-sound-0150,musan,SLR17,noise,public-domain,"All selected recordings were marked as in the Public Domain
on Free Sound (url: https://www.freesound.org/).",CC BY 4.0: attribution,2026-09-08,yes,"https://www.openslr.org/resources/17/musan.tar.gz (public download, no account; place musan.tar.gz under archives/openslr_17_musan/)",aug
openslr_17_musan,openslr_17_musan/musan/noise/free-sound/noise-free-sound-0151,musan,SLR17,noise,public-domain,"All selected recordings were marked as in the Public Domain
on Free Sound (url: https://www.freesound.org/).",CC BY 4.0: attribution,2026-09-08,yes,"https://www.openslr.org/resources/17/musan.tar.gz (public download, no account; place musan.tar.gz under archives/openslr_17_musan/)",aug
openslr_17_musan,openslr_17_musan/musan/noise/free-sound/noise-free-sound-0152,musan,SLR17,noise,public-domain,"All selected recordings were marked as in the Public Domain
on Free Sound (url: https://www.freesound.org/).",CC BY 4.0: attribution,2026-09-08,yes,"https://www.openslr.org/resources/17/musan.tar.gz (public download, no account; place musan.tar.gz under archives/openslr_17_musan/)",aug
openslr_17_musan,openslr_17_musan/musan/noise/free-sound/noise-free-sound-0153,musan,SLR17,noise,public-domain,"All selected recordings were marked as in the Public Domain
on Free Sound (url: https://www.freesound.org/).",CC BY 4.0: attribution,2026-09-08,yes,"https://www.openslr.org/resources/17/musan.tar.gz (public download, no account; place musan.tar.gz under archives/openslr_17_musan/)",aug
openslr_17_musan,openslr_17_musan/musan/noise/free-sound/noise-free-sound-0154,musan,SLR17,noise,public-domain,"All selected recordings were marked as in the Public Domain
on Free Sound (url: https://www.freesound.org/).",CC BY 4.0: attribution,2026-09-08,yes,"https://www.openslr.org/resources/17/musan.tar.gz (public download, no account; place musan.tar.gz under archives/openslr_17_musan/)",aug
openslr_17_musan,openslr_17_musan/musan/noise/free-sound/noise-free-sound-0155,musan,SLR17,noise,public-domain,"All selected recordings were marked as in the Public Domain
on Free Sound (url: https://www.freesound.org/).",CC BY 4.0: attribution,2026-09-08,yes,"https://www.openslr.org/resources/17/musan.tar.gz (public download, no account; place musan.tar.gz under archives/openslr_17_musan/)",aug
openslr_17_musan,openslr_17_musan/musan/noise/free-sound/noise-free-sound-0156,musan,SLR17,noise,public-domain,"All selected recordings were marked as in the Public Domain
on Free Sound (url: https://www.freesound.org/).",CC BY 4.0: attribution,2026-09-08,yes,"https://www.openslr.org/resources/17/musan.tar.gz (public download, no account; place musan.tar.gz under archives/openslr_17_musan/)",aug
openslr_17_musan,openslr_17_musan/musan/noise/free-sound/noise-free-sound-0157,musan,SLR17,noise,public-domain,"All selected recordings were marked as in the Public Domain
on Free Sound (url: https://www.freesound.org/).",CC BY 4.0: attribution,2026-09-08,yes,"https://www.openslr.org/resources/17/musan.tar.gz (public download, no account; place musan.tar.gz under archives/openslr_17_musan/)",aug
openslr_17_musan,openslr_17_musan/musan/noise/free-sound/noise-free-sound-0158,musan,SLR17,noise,public-domain,"All selected recordings were marked as in the Public Domain
on Free Sound (url: https://www.freesound.org/).",CC BY 4.0: attribution,2026-09-08,yes,"https://www.openslr.org/resources/17/musan.tar.gz (public download, no account; place musan.tar.gz under archives/openslr_17_musan/)",aug
openslr_17_musan,openslr_17_musan/musan/noise/free-sound/noise-free-sound-0159,musan,SLR17,noise,public-domain,"All selected recordings were marked as in the Public Domain
on Free Sound (url: https://www.freesound.org/).",CC BY 4.0: attribution,2026-09-08,yes,"https://www.openslr.org/resources/17/musan.tar.gz (public download, no account; place musan.tar.gz under archives/openslr_17_musan/)",aug
openslr_17_musan,openslr_17_musan/musan/noise/free-sound/noise-free-sound-0160,musan,SLR17,noise,public-domain,"All selected recordings were marked as in the Public Domain
on Free Sound (url: https://www.freesound.org/).",CC BY 4.0: attribution,2026-09-08,yes,"https://www.openslr.org/resources/17/musan.tar.gz (public download, no account; place musan.tar.gz under archives/openslr_17_musan/)",eval-noise
openslr_17_musan,openslr_17_musan/musan/noise/free-sound/noise-free-sound-0161,musan,SLR17,noise,public-domain,"All selected recordings were marked as in the Public Domain
on Free Sound (url: https://www.freesound.org/).",CC BY 4.0: attribution,2026-09-08,yes,"https://www.openslr.org/resources/17/musan.tar.gz (public download, no account; place musan.tar.gz under archives/openslr_17_musan/)",aug
openslr_17_musan,openslr_17_musan/musan/noise/free-sound/noise-free-sound-0162,musan,SLR17,noise,public-domain,"All selected recordings were marked as in the Public Domain
on Free Sound (url: https://www.freesound.org/).",CC BY 4.0: attribution,2026-09-08,yes,"https://www.openslr.org/resources/17/musan.tar.gz (public download, no account; place musan.tar.gz under archives/openslr_17_musan/)",aug
openslr_17_musan,openslr_17_musan/musan/noise/free-sound/noise-free-sound-0163,musan,SLR17,noise,public-domain,"All selected recordings were marked as in the Public Domain
on Free Sound (url: https://www.freesound.org/).",CC BY 4.0: attribution,2026-09-08,yes,"https://www.openslr.org/resources/17/musan.tar.gz (public download, no account; place musan.tar.gz under archives/openslr_17_musan/)",aug
openslr_17_musan,openslr_17_musan/musan/noise/free-sound/noise-free-sound-0164,musan,SLR17,noise,public-domain,"All selected recordings were marked as in the Public Domain
on Free Sound (url: https://www.freesound.org/).",CC BY 4.0: attribution,2026-09-08,yes,"https://www.openslr.org/resources/17/musan.tar.gz (public download, no account; place musan.tar.gz under archives/openslr_17_musan/)",aug
openslr_17_musan,openslr_17_musan/musan/noise/free-sound/noise-free-sound-0165,musan,SLR17,noise,public-domain,"All selected recordings were marked as in the Public Domain
on Free Sound (url: https://www.freesound.org/).",CC BY 4.0: attribution,2026-09-08,yes,"https://www.openslr.org/resources/17/musan.tar.gz (public download, no account; place musan.tar.gz under archives/openslr_17_musan/)",aug
openslr_17_musan,openslr_17_musan/musan/noise/free-sound/noise-free-sound-0166,musan,SLR17,noise,public-domain,"All selected recordings were marked as in the Public Domain
on Free Sound (url: https://www.freesound.org/).",CC BY 4.0: attribution,2026-09-08,yes,"https://www.openslr.org/resources/17/musan.tar.gz (public download, no account; place musan.tar.gz under archives/openslr_17_musan/)",eval-noise
openslr_17_musan,openslr_17_musan/musan/noise/free-sound/noise-free-sound-0167,musan,SLR17,noise,public-domain,"All selected recordings were marked as in the Public Domain
on Free Sound (url: https://www.freesound.org/).",CC BY 4.0: attribution,2026-09-08,yes,"https://www.openslr.org/resources/17/musan.tar.gz (public download, no account; place musan.tar.gz under archives/openslr_17_musan/)",aug
openslr_17_musan,openslr_17_musan/musan/noise/free-sound/noise-free-sound-0168,musan,SLR17,noise,public-domain,"All selected recordings were marked as in the Public Domain
on Free Sound (url: https://www.freesound.org/).",CC BY 4.0: attribution,2026-09-08,yes,"https://www.openslr.org/resources/17/musan.tar.gz (public download, no account; place musan.tar.gz under archives/openslr_17_musan/)",aug
openslr_17_musan,openslr_17_musan/musan/noise/free-sound/noise-free-sound-0169,musan,SLR17,noise,public-domain,"All selected recordings were marked as in the Public Domain
on Free Sound (url: https://www.freesound.org/).",CC BY 4.0: attribution,2026-09-08,yes,"https://www.openslr.org/resources/17/musan.tar.gz (public download, no account; place musan.tar.gz under archives/openslr_17_musan/)",aug
openslr_17_musan,openslr_17_musan/musan/noise/free-sound/noise-free-sound-0170,musan,SLR17,noise,public-domain,"All selected recordings were marked as in the Public Domain
on Free Sound (url: https://www.freesound.org/).",CC BY 4.0: attribution,2026-09-08,yes,"https://www.openslr.org/resources/17/musan.tar.gz (public download, no account; place musan.tar.gz under archives/openslr_17_musan/)",aug
openslr_17_musan,openslr_17_musan/musan/noise/free-sound/noise-free-sound-0171,musan,SLR17,noise,public-domain,"All selected recordings were marked as in the Public Domain
on Free Sound (url: https://www.freesound.org/).",CC BY 4.0: attribution,2026-09-08,yes,"https://www.openslr.org/resources/17/musan.tar.gz (public download, no account; place musan.tar.gz under archives/openslr_17_musan/)",aug
openslr_17_musan,openslr_17_musan/musan/noise/free-sound/noise-free-sound-0172,musan,SLR17,noise,public-domain,"All selected recordings were marked as in the Public Domain
on Free Sound (url: https://www.freesound.org/).",CC BY 4.0: attribution,2026-09-08,yes,"https://www.openslr.org/resources/17/musan.tar.gz (public download, no account; place musan.tar.gz under archives/openslr_17_musan/)",aug
openslr_17_musan,openslr_17_musan/musan/noise/free-sound/noise-free-sound-0173,musan,SLR17,noise,public-domain,"All selected recordings were marked as in the Public Domain
on Free Sound (url: https://www.freesound.org/).",CC BY 4.0: attribution,2026-09-08,yes,"https://www.openslr.org/resources/17/musan.tar.gz (public download, no account; place musan.tar.gz under archives/openslr_17_musan/)",aug
openslr_17_musan,openslr_17_musan/musan/noise/free-sound/noise-free-sound-0174,musan,SLR17,noise,public-domain,"All selected recordings were marked as in the Public Domain
on Free Sound (url: https://www.freesound.org/).",CC BY 4.0: attribution,2026-09-08,yes,"https://www.openslr.org/resources/17/musan.tar.gz (public download, no account; place musan.tar.gz under archives/openslr_17_musan/)",aug
openslr_17_musan,openslr_17_musan/musan/noise/free-sound/noise-free-sound-0175,musan,SLR17,noise,public-domain,"All selected recordings were marked as in the Public Domain
on Free Sound (url: https://www.freesound.org/).",CC BY 4.0: attribution,2026-09-08,yes,"https://www.openslr.org/resources/17/musan.tar.gz (public download, no account; place musan.tar.gz under archives/openslr_17_musan/)",aug
openslr_17_musan,openslr_17_musan/musan/noise/free-sound/noise-free-sound-0176,musan,SLR17,noise,public-domain,"All selected recordings were marked as in the Public Domain
on Free Sound (url: https://www.freesound.org/).",CC BY 4.0: attribution,2026-09-08,yes,"https://www.openslr.org/resources/17/musan.tar.gz (public download, no account; place musan.tar.gz under archives/openslr_17_musan/)",aug
openslr_17_musan,openslr_17_musan/musan/noise/free-sound/noise-free-sound-0177,musan,SLR17,noise,public-domain,"All selected recordings were marked as in the Public Domain
on Free Sound (url: https://www.freesound.org/).",CC BY 4.0: attribution,2026-09-08,yes,"https://www.openslr.org/resources/17/musan.tar.gz (public download, no account; place musan.tar.gz under archives/openslr_17_musan/)",aug
openslr_17_musan,openslr_17_musan/musan/noise/free-sound/noise-free-sound-0178,musan,SLR17,noise,public-domain,"All selected recordings were marked as in the Public Domain
on Free Sound (url: https://www.freesound.org/).",CC BY 4.0: attribution,2026-09-08,yes,"https://www.openslr.org/resources/17/musan.tar.gz (public download, no account; place musan.tar.gz under archives/openslr_17_musan/)",aug
openslr_17_musan,openslr_17_musan/musan/noise/free-sound/noise-free-sound-0179,musan,SLR17,noise,public-domain,"All selected recordings were marked as in the Public Domain
on Free Sound (url: https://www.freesound.org/).",CC BY 4.0: attribution,2026-09-08,yes,"https://www.openslr.org/resources/17/musan.tar.gz (public download, no account; place musan.tar.gz under archives/openslr_17_musan/)",aug
openslr_17_musan,openslr_17_musan/musan/noise/free-sound/noise-free-sound-0180,musan,SLR17,noise,public-domain,"All selected recordings were marked as in the Public Domain
on Free Sound (url: https://www.freesound.org/).",CC BY 4.0: attribution,2026-09-08,yes,"https://www.openslr.org/resources/17/musan.tar.gz (public download, no account; place musan.tar.gz under archives/openslr_17_musan/)",eval-noise
openslr_17_musan,openslr_17_musan/musan/noise/free-sound/noise-free-sound-0181,musan,SLR17,noise,public-domain,"All selected recordings were marked as in the Public Domain
on Free Sound (url: https://www.freesound.org/).",CC BY 4.0: attribution,2026-09-08,yes,"https://www.openslr.org/resources/17/musan.tar.gz (public download, no account; place musan.tar.gz under archives/openslr_17_musan/)",eval-noise
openslr_17_musan,openslr_17_musan/musan/noise/free-sound/noise-free-sound-0182,musan,SLR17,noise,public-domain,"All selected recordings were marked as in the Public Domain
on Free Sound (url: https://www.freesound.org/).",CC BY 4.0: attribution,2026-09-08,yes,"https://www.openslr.org/resources/17/musan.tar.gz (public download, no account; place musan.tar.gz under archives/openslr_17_musan/)",aug
openslr_17_musan,openslr_17_musan/musan/noise/free-sound/noise-free-sound-0183,musan,SLR17,noise,public-domain,"All selected recordings were marked as in the Public Domain
on Free Sound (url: https://www.freesound.org/).",CC BY 4.0: attribution,2026-09-08,yes,"https://www.openslr.org/resources/17/musan.tar.gz (public download, no account; place musan.tar.gz under archives/openslr_17_musan/)",aug
openslr_17_musan,openslr_17_musan/musan/noise/free-sound/noise-free-sound-0184,musan,SLR17,noise,public-domain,"All selected recordings were marked as in the Public Domain
on Free Sound (url: https://www.freesound.org/).",CC BY 4.0: attribution,2026-09-08,yes,"https://www.openslr.org/resources/17/musan.tar.gz (public download, no account; place musan.tar.gz under archives/openslr_17_musan/)",aug
openslr_17_musan,openslr_17_musan/musan/noise/free-sound/noise-free-sound-0185,musan,SLR17,noise,public-domain,"All selected recordings were marked as in the Public Domain
on Free Sound (url: https://www.freesound.org/).",CC BY 4.0: attribution,2026-09-08,yes,"https://www.openslr.org/resources/17/musan.tar.gz (public download, no account; place musan.tar.gz under archives/openslr_17_musan/)",eval-noise
openslr_17_musan,openslr_17_musan/musan/noise/free-sound/noise-free-sound-0186,musan,SLR17,noise,public-domain,"All selected recordings were marked as in the Public Domain
on Free Sound (url: https://www.freesound.org/).",CC BY 4.0: attribution,2026-09-08,yes,"https://www.openslr.org/resources/17/musan.tar.gz (public download, no account; place musan.tar.gz under archives/openslr_17_musan/)",aug
openslr_17_musan,openslr_17_musan/musan/noise/free-sound/noise-free-sound-0187,musan,SLR17,noise,public-domain,"All selected recordings were marked as in the Public Domain
on Free Sound (url: https://www.freesound.org/).",CC BY 4.0: attribution,2026-09-08,yes,"https://www.openslr.org/resources/17/musan.tar.gz (public download, no account; place musan.tar.gz under archives/openslr_17_musan/)",aug
openslr_17_musan,openslr_17_musan/musan/noise/free-sound/noise-free-sound-0188,musan,SLR17,noise,public-domain,"All selected recordings were marked as in the Public Domain
on Free Sound (url: https://www.freesound.org/).",CC BY 4.0: attribution,2026-09-08,yes,"https://www.openslr.org/resources/17/musan.tar.gz (public download, no account; place musan.tar.gz under archives/openslr_17_musan/)",aug
openslr_17_musan,openslr_17_musan/musan/noise/free-sound/noise-free-sound-0189,musan,SLR17,noise,public-domain,"All selected recordings were marked as in the Public Domain
on Free Sound (url: https://www.freesound.org/).",CC BY 4.0: attribution,2026-09-08,yes,"https://www.openslr.org/resources/17/musan.tar.gz (public download, no account; place musan.tar.gz under archives/openslr_17_musan/)",aug
openslr_17_musan,openslr_17_musan/musan/noise/free-sound/noise-free-sound-0190,musan,SLR17,noise,public-domain,"All selected recordings were marked as in the Public Domain
on Free Sound (url: https://www.freesound.org/).",CC BY 4.0: attribution,2026-09-08,yes,"https://www.openslr.org/resources/17/musan.tar.gz (public download, no account; place musan.tar.gz under archives/openslr_17_musan/)",aug
openslr_17_musan,openslr_17_musan/musan/noise/free-sound/noise-free-sound-0191,musan,SLR17,noise,public-domain,"All selected recordings were marked as in the Public Domain
on Free Sound (url: https://www.freesound.org/).",CC BY 4.0: attribution,2026-09-08,yes,"https://www.openslr.org/resources/17/musan.tar.gz (public download, no account; place musan.tar.gz under archives/openslr_17_musan/)",aug
openslr_17_musan,openslr_17_musan/musan/noise/free-sound/noise-free-sound-0192,musan,SLR17,noise,public-domain,"All selected recordings were marked as in the Public Domain
on Free Sound (url: https://www.freesound.org/).",CC BY 4.0: attribution,2026-09-08,yes,"https://www.openslr.org/resources/17/musan.tar.gz (public download, no account; place musan.tar.gz under archives/openslr_17_musan/)",eval-noise
openslr_17_musan,openslr_17_musan/musan/noise/free-sound/noise-free-sound-0193,musan,SLR17,noise,public-domain,"All selected recordings were marked as in the Public Domain
on Free Sound (url: https://www.freesound.org/).",CC BY 4.0: attribution,2026-09-08,yes,"https://www.openslr.org/resources/17/musan.tar.gz (public download, no account; place musan.tar.gz under archives/openslr_17_musan/)",aug
openslr_17_musan,openslr_17_musan/musan/noise/free-sound/noise-free-sound-0194,musan,SLR17,noise,public-domain,"All selected recordings were marked as in the Public Domain
on Free Sound (url: https://www.freesound.org/).",CC BY 4.0: attribution,2026-09-08,yes,"https://www.openslr.org/resources/17/musan.tar.gz (public download, no account; place musan.tar.gz under archives/openslr_17_musan/)",aug
openslr_17_musan,openslr_17_musan/musan/noise/free-sound/noise-free-sound-0195,musan,SLR17,noise,public-domain,"All selected recordings were marked as in the Public Domain
on Free Sound (url: https://www.freesound.org/).",CC BY 4.0: attribution,2026-09-08,yes,"https://www.openslr.org/resources/17/musan.tar.gz (public download, no account; place musan.tar.gz under archives/openslr_17_musan/)",aug
openslr_17_musan,openslr_17_musan/musan/noise/free-sound/noise-free-sound-0196,musan,SLR17,noise,public-domain,"All selected recordings were marked as in the Public Domain
on Free Sound (url: https://www.freesound.org/).",CC BY 4.0: attribution,2026-09-08,yes,"https://www.openslr.org/resources/17/musan.tar.gz (public download, no account; place musan.tar.gz under archives/openslr_17_musan/)",aug
openslr_17_musan,openslr_17_musan/musan/noise/free-sound/noise-free-sound-0197,musan,SLR17,noise,public-domain,"All selected recordings were marked as in the Public Domain
on Free Sound (url: https://www.freesound.org/).",CC BY 4.0: attribution,2026-09-08,yes,"https://www.openslr.org/resources/17/musan.tar.gz (public download, no account; place musan.tar.gz under archives/openslr_17_musan/)",aug
openslr_17_musan,openslr_17_musan/musan/noise/free-sound/noise-free-sound-0198,musan,SLR17,noise,public-domain,"All selected recordings were marked as in the Public Domain
on Free Sound (url: https://www.freesound.org/).",CC BY 4.0: attribution,2026-09-08,yes,"https://www.openslr.org/resources/17/musan.tar.gz (public download, no account; place musan.tar.gz under archives/openslr_17_musan/)",aug
openslr_17_musan,openslr_17_musan/musan/noise/free-sound/noise-free-sound-0199,musan,SLR17,noise,public-domain,"All selected recordings were marked as in the Public Domain
on Free Sound (url: https://www.freesound.org/).",CC BY 4.0: attribution,2026-09-08,yes,"https://www.openslr.org/resources/17/musan.tar.gz (public download, no account; place musan.tar.gz under archives/openslr_17_musan/)",aug
openslr_17_musan,openslr_17_musan/musan/noise/free-sound/noise-free-sound-0200,musan,SLR17,noise,public-domain,"All selected recordings were marked as in the Public Domain
on Free Sound (url: https://www.freesound.org/).",CC BY 4.0: attribution,2026-09-08,yes,"https://www.openslr.org/resources/17/musan.tar.gz (public download, no account; place musan.tar.gz under archives/openslr_17_musan/)",aug
openslr_17_musan,openslr_17_musan/musan/noise/free-sound/noise-free-sound-0201,musan,SLR17,noise,public-domain,"All selected recordings were marked as in the Public Domain
on Free Sound (url: https://www.freesound.org/).",CC BY 4.0: attribution,2026-09-08,yes,"https://www.openslr.org/resources/17/musan.tar.gz (public download, no account; place musan.tar.gz under archives/openslr_17_musan/)",aug
openslr_17_musan,openslr_17_musan/musan/noise/free-sound/noise-free-sound-0202,musan,SLR17,noise,public-domain,"All selected recordings were marked as in the Public Domain
on Free Sound (url: https://www.freesound.org/).",CC BY 4.0: attribution,2026-09-08,yes,"https://www.openslr.org/resources/17/musan.tar.gz (public download, no account; place musan.tar.gz under archives/openslr_17_musan/)",aug
openslr_17_musan,openslr_17_musan/musan/noise/free-sound/noise-free-sound-0203,musan,SLR17,noise,public-domain,"All selected recordings were marked as in the Public Domain
on Free Sound (url: https://www.freesound.org/).",CC BY 4.0: attribution,2026-09-08,yes,"https://www.openslr.org/resources/17/musan.tar.gz (public download, no account; place musan.tar.gz under archives/openslr_17_musan/)",aug
openslr_17_musan,openslr_17_musan/musan/noise/free-sound/noise-free-sound-0204,musan,SLR17,noise,public-domain,"All selected recordings were marked as in the Public Domain
on Free Sound (url: https://www.freesound.org/).",CC BY 4.0: attribution,2026-09-08,yes,"https://www.openslr.org/resources/17/musan.tar.gz (public download, no account; place musan.tar.gz under archives/openslr_17_musan/)",aug
openslr_17_musan,openslr_17_musan/musan/noise/free-sound/noise-free-sound-0205,musan,SLR17,noise,public-domain,"All selected recordings were marked as in the Public Domain
on Free Sound (url: https://www.freesound.org/).",CC BY 4.0: attribution,2026-09-08,yes,"https://www.openslr.org/resources/17/musan.tar.gz (public download, no account; place musan.tar.gz under archives/openslr_17_musan/)",aug
openslr_17_musan,openslr_17_musan/musan/noise/free-sound/noise-free-sound-0206,musan,SLR17,noise,public-domain,"All selected recordings were marked as in the Public Domain
on Free Sound (url: https://www.freesound.org/).",CC BY 4.0: attribution,2026-09-08,yes,"https://www.openslr.org/resources/17/musan.tar.gz (public download, no account; place musan.tar.gz under archives/openslr_17_musan/)",aug
openslr_17_musan,openslr_17_musan/musan/noise/free-sound/noise-free-sound-0207,musan,SLR17,noise,public-domain,"All selected recordings were marked as in the Public Domain
on Free Sound (url: https://www.freesound.org/).",CC BY 4.0: attribution,2026-09-08,yes,"https://www.openslr.org/resources/17/musan.tar.gz (public download, no account; place musan.tar.gz under archives/openslr_17_musan/)",aug
openslr_17_musan,openslr_17_musan/musan/noise/free-sound/noise-free-sound-0208,musan,SLR17,noise,public-domain,"All selected recordings were marked as in the Public Domain
on Free Sound (url: https://www.freesound.org/).",CC BY 4.0: attribution,2026-09-08,yes,"https://www.openslr.org/resources/17/musan.tar.gz (public download, no account; place musan.tar.gz under archives/openslr_17_musan/)",aug
openslr_17_musan,openslr_17_musan/musan/noise/free-sound/noise-free-sound-0209,musan,SLR17,noise,public-domain,"All selected recordings were marked as in the Public Domain
on Free Sound (url: https://www.freesound.org/).",CC BY 4.0: attribution,2026-09-08,yes,"https://www.openslr.org/resources/17/musan.tar.gz (public download, no account; place musan.tar.gz under archives/openslr_17_musan/)",aug
openslr_17_musan,openslr_17_musan/musan/noise/free-sound/noise-free-sound-0210,musan,SLR17,noise,public-domain,"All selected recordings were marked as in the Public Domain
on Free Sound (url: https://www.freesound.org/).",CC BY 4.0: attribution,2026-09-08,yes,"https://www.openslr.org/resources/17/musan.tar.gz (public download, no account; place musan.tar.gz under archives/openslr_17_musan/)",aug
openslr_17_musan,openslr_17_musan/musan/noise/free-sound/noise-free-sound-0211,musan,SLR17,noise,public-domain,"All selected recordings were marked as in the Public Domain
on Free Sound (url: https://www.freesound.org/).",CC BY 4.0: attribution,2026-09-08,yes,"https://www.openslr.org/resources/17/musan.tar.gz (public download, no account; place musan.tar.gz under archives/openslr_17_musan/)",eval-noise
openslr_17_musan,openslr_17_musan/musan/noise/free-sound/noise-free-sound-0212,musan,SLR17,noise,public-domain,"All selected recordings were marked as in the Public Domain
on Free Sound (url: https://www.freesound.org/).",CC BY 4.0: attribution,2026-09-08,yes,"https://www.openslr.org/resources/17/musan.tar.gz (public download, no account; place musan.tar.gz under archives/openslr_17_musan/)",aug
openslr_17_musan,openslr_17_musan/musan/noise/free-sound/noise-free-sound-0213,musan,SLR17,noise,public-domain,"All selected recordings were marked as in the Public Domain
on Free Sound (url: https://www.freesound.org/).",CC BY 4.0: attribution,2026-09-08,yes,"https://www.openslr.org/resources/17/musan.tar.gz (public download, no account; place musan.tar.gz under archives/openslr_17_musan/)",aug
openslr_17_musan,openslr_17_musan/musan/noise/free-sound/noise-free-sound-0214,musan,SLR17,noise,public-domain,"All selected recordings were marked as in the Public Domain
on Free Sound (url: https://www.freesound.org/).",CC BY 4.0: attribution,2026-09-08,yes,"https://www.openslr.org/resources/17/musan.tar.gz (public download, no account; place musan.tar.gz under archives/openslr_17_musan/)",aug
openslr_17_musan,openslr_17_musan/musan/noise/free-sound/noise-free-sound-0215,musan,SLR17,noise,public-domain,"All selected recordings were marked as in the Public Domain
on Free Sound (url: https://www.freesound.org/).",CC BY 4.0: attribution,2026-09-08,yes,"https://www.openslr.org/resources/17/musan.tar.gz (public download, no account; place musan.tar.gz under archives/openslr_17_musan/)",aug
openslr_17_musan,openslr_17_musan/musan/noise/free-sound/noise-free-sound-0216,musan,SLR17,noise,public-domain,"All selected recordings were marked as in the Public Domain
on Free Sound (url: https://www.freesound.org/).",CC BY 4.0: attribution,2026-09-08,yes,"https://www.openslr.org/resources/17/musan.tar.gz (public download, no account; place musan.tar.gz under archives/openslr_17_musan/)",aug
openslr_17_musan,openslr_17_musan/musan/noise/free-sound/noise-free-sound-0217,musan,SLR17,noise,public-domain,"All selected recordings were marked as in the Public Domain
on Free Sound (url: https://www.freesound.org/).",CC BY 4.0: attribution,2026-09-08,yes,"https://www.openslr.org/resources/17/musan.tar.gz (public download, no account; place musan.tar.gz under archives/openslr_17_musan/)",aug
openslr_17_musan,openslr_17_musan/musan/noise/free-sound/noise-free-sound-0218,musan,SLR17,noise,public-domain,"All selected recordings were marked as in the Public Domain
on Free Sound (url: https://www.freesound.org/).",CC BY 4.0: attribution,2026-09-08,yes,"https://www.openslr.org/resources/17/musan.tar.gz (public download, no account; place musan.tar.gz under archives/openslr_17_musan/)",aug
openslr_17_musan,openslr_17_musan/musan/noise/free-sound/noise-free-sound-0219,musan,SLR17,noise,public-domain,"All selected recordings were marked as in the Public Domain
on Free Sound (url: https://www.freesound.org/).",CC BY 4.0: attribution,2026-09-08,yes,"https://www.openslr.org/resources/17/musan.tar.gz (public download, no account; place musan.tar.gz under archives/openslr_17_musan/)",aug
openslr_17_musan,openslr_17_musan/musan/noise/free-sound/noise-free-sound-0220,musan,SLR17,noise,public-domain,"All selected recordings were marked as in the Public Domain
on Free Sound (url: https://www.freesound.org/).",CC BY 4.0: attribution,2026-09-08,yes,"https://www.openslr.org/resources/17/musan.tar.gz (public download, no account; place musan.tar.gz under archives/openslr_17_musan/)",aug
openslr_17_musan,openslr_17_musan/musan/noise/free-sound/noise-free-sound-0221,musan,SLR17,noise,public-domain,"All selected recordings were marked as in the Public Domain
on Free Sound (url: https://www.freesound.org/).",CC BY 4.0: attribution,2026-09-08,yes,"https://www.openslr.org/resources/17/musan.tar.gz (public download, no account; place musan.tar.gz under archives/openslr_17_musan/)",aug
openslr_17_musan,openslr_17_musan/musan/noise/free-sound/noise-free-sound-0222,musan,SLR17,noise,public-domain,"All selected recordings were marked as in the Public Domain
on Free Sound (url: https://www.freesound.org/).",CC BY 4.0: attribution,2026-09-08,yes,"https://www.openslr.org/resources/17/musan.tar.gz (public download, no account; place musan.tar.gz under archives/openslr_17_musan/)",aug
openslr_17_musan,openslr_17_musan/musan/noise/free-sound/noise-free-sound-0223,musan,SLR17,noise,public-domain,"All selected recordings were marked as in the Public Domain
on Free Sound (url: https://www.freesound.org/).",CC BY 4.0: attribution,2026-09-08,yes,"https://www.openslr.org/resources/17/musan.tar.gz (public download, no account; place musan.tar.gz under archives/openslr_17_musan/)",aug
openslr_17_musan,openslr_17_musan/musan/noise/free-sound/noise-free-sound-0224,musan,SLR17,noise,public-domain,"All selected recordings were marked as in the Public Domain
on Free Sound (url: https://www.freesound.org/).",CC BY 4.0: attribution,2026-09-08,yes,"https://www.openslr.org/resources/17/musan.tar.gz (public download, no account; place musan.tar.gz under archives/openslr_17_musan/)",aug
openslr_17_musan,openslr_17_musan/musan/noise/free-sound/noise-free-sound-0225,musan,SLR17,noise,public-domain,"All selected recordings were marked as in the Public Domain
on Free Sound (url: https://www.freesound.org/).",CC BY 4.0: attribution,2026-09-08,yes,"https://www.openslr.org/resources/17/musan.tar.gz (public download, no account; place musan.tar.gz under archives/openslr_17_musan/)",aug
openslr_17_musan,openslr_17_musan/musan/noise/free-sound/noise-free-sound-0226,musan,SLR17,noise,public-domain,"All selected recordings were marked as in the Public Domain
on Free Sound (url: https://www.freesound.org/).",CC BY 4.0: attribution,2026-09-08,yes,"https://www.openslr.org/resources/17/musan.tar.gz (public download, no account; place musan.tar.gz under archives/openslr_17_musan/)",aug
openslr_17_musan,openslr_17_musan/musan/noise/free-sound/noise-free-sound-0227,musan,SLR17,noise,public-domain,"All selected recordings were marked as in the Public Domain
on Free Sound (url: https://www.freesound.org/).",CC BY 4.0: attribution,2026-09-08,yes,"https://www.openslr.org/resources/17/musan.tar.gz (public download, no account; place musan.tar.gz under archives/openslr_17_musan/)",aug
openslr_17_musan,openslr_17_musan/musan/noise/free-sound/noise-free-sound-0228,musan,SLR17,noise,public-domain,"All selected recordings were marked as in the Public Domain
on Free Sound (url: https://www.freesound.org/).",CC BY 4.0: attribution,2026-09-08,yes,"https://www.openslr.org/resources/17/musan.tar.gz (public download, no account; place musan.tar.gz under archives/openslr_17_musan/)",aug
openslr_17_musan,openslr_17_musan/musan/noise/free-sound/noise-free-sound-0229,musan,SLR17,noise,public-domain,"All selected recordings were marked as in the Public Domain
on Free Sound (url: https://www.freesound.org/).",CC BY 4.0: attribution,2026-09-08,yes,"https://www.openslr.org/resources/17/musan.tar.gz (public download, no account; place musan.tar.gz under archives/openslr_17_musan/)",aug
openslr_17_musan,openslr_17_musan/musan/noise/free-sound/noise-free-sound-0230,musan,SLR17,noise,public-domain,"All selected recordings were marked as in the Public Domain
on Free Sound (url: https://www.freesound.org/).",CC BY 4.0: attribution,2026-09-08,yes,"https://www.openslr.org/resources/17/musan.tar.gz (public download, no account; place musan.tar.gz under archives/openslr_17_musan/)",aug
openslr_17_musan,openslr_17_musan/musan/noise/free-sound/noise-free-sound-0231,musan,SLR17,noise,public-domain,"All selected recordings were marked as in the Public Domain
on Free Sound (url: https://www.freesound.org/).",CC BY 4.0: attribution,2026-09-08,yes,"https://www.openslr.org/resources/17/musan.tar.gz (public download, no account; place musan.tar.gz under archives/openslr_17_musan/)",aug
openslr_17_musan,openslr_17_musan/musan/noise/free-sound/noise-free-sound-0232,musan,SLR17,noise,public-domain,"All selected recordings were marked as in the Public Domain
on Free Sound (url: https://www.freesound.org/).",CC BY 4.0: attribution,2026-09-08,yes,"https://www.openslr.org/resources/17/musan.tar.gz (public download, no account; place musan.tar.gz under archives/openslr_17_musan/)",aug
openslr_17_musan,openslr_17_musan/musan/noise/free-sound/noise-free-sound-0233,musan,SLR17,noise,public-domain,"All selected recordings were marked as in the Public Domain
on Free Sound (url: https://www.freesound.org/).",CC BY 4.0: attribution,2026-09-08,yes,"https://www.openslr.org/resources/17/musan.tar.gz (public download, no account; place musan.tar.gz under archives/openslr_17_musan/)",aug
openslr_17_musan,openslr_17_musan/musan/noise/free-sound/noise-free-sound-0234,musan,SLR17,noise,public-domain,"All selected recordings were marked as in the Public Domain
on Free Sound (url: https://www.freesound.org/).",CC BY 4.0: attribution,2026-09-08,yes,"https://www.openslr.org/resources/17/musan.tar.gz (public download, no account; place musan.tar.gz under archives/openslr_17_musan/)",aug
openslr_17_musan,openslr_17_musan/musan/noise/free-sound/noise-free-sound-0235,musan,SLR17,noise,public-domain,"All selected recordings were marked as in the Public Domain
on Free Sound (url: https://www.freesound.org/).",CC BY 4.0: attribution,2026-09-08,yes,"https://www.openslr.org/resources/17/musan.tar.gz (public download, no account; place musan.tar.gz under archives/openslr_17_musan/)",aug
openslr_17_musan,openslr_17_musan/musan/noise/free-sound/noise-free-sound-0236,musan,SLR17,noise,public-domain,"All selected recordings were marked as in the Public Domain
on Free Sound (url: https://www.freesound.org/).",CC BY 4.0: attribution,2026-09-08,yes,"https://www.openslr.org/resources/17/musan.tar.gz (public download, no account; place musan.tar.gz under archives/openslr_17_musan/)",aug
openslr_17_musan,openslr_17_musan/musan/noise/free-sound/noise-free-sound-0237,musan,SLR17,noise,public-domain,"All selected recordings were marked as in the Public Domain
on Free Sound (url: https://www.freesound.org/).",CC BY 4.0: attribution,2026-09-08,yes,"https://www.openslr.org/resources/17/musan.tar.gz (public download, no account; place musan.tar.gz under archives/openslr_17_musan/)",aug
openslr_17_musan,openslr_17_musan/musan/noise/free-sound/noise-free-sound-0238,musan,SLR17,noise,public-domain,"All selected recordings were marked as in the Public Domain
on Free Sound (url: https://www.freesound.org/).",CC BY 4.0: attribution,2026-09-08,yes,"https://www.openslr.org/resources/17/musan.tar.gz (public download, no account; place musan.tar.gz under archives/openslr_17_musan/)",aug
openslr_17_musan,openslr_17_musan/musan/noise/free-sound/noise-free-sound-0239,musan,SLR17,noise,public-domain,"All selected recordings were marked as in the Public Domain
on Free Sound (url: https://www.freesound.org/).",CC BY 4.0: attribution,2026-09-08,yes,"https://www.openslr.org/resources/17/musan.tar.gz (public download, no account; place musan.tar.gz under archives/openslr_17_musan/)",eval-noise
openslr_17_musan,openslr_17_musan/musan/noise/free-sound/noise-free-sound-0240,musan,SLR17,noise,public-domain,"All selected recordings were marked as in the Public Domain
on Free Sound (url: https://www.freesound.org/).",CC BY 4.0: attribution,2026-09-08,yes,"https://www.openslr.org/resources/17/musan.tar.gz (public download, no account; place musan.tar.gz under archives/openslr_17_musan/)",eval-noise
openslr_17_musan,openslr_17_musan/musan/noise/free-sound/noise-free-sound-0241,musan,SLR17,noise,public-domain,"All selected recordings were marked as in the Public Domain
on Free Sound (url: https://www.freesound.org/).",CC BY 4.0: attribution,2026-09-08,yes,"https://www.openslr.org/resources/17/musan.tar.gz (public download, no account; place musan.tar.gz under archives/openslr_17_musan/)",aug
openslr_17_musan,openslr_17_musan/musan/noise/free-sound/noise-free-sound-0242,musan,SLR17,noise,public-domain,"All selected recordings were marked as in the Public Domain
on Free Sound (url: https://www.freesound.org/).",CC BY 4.0: attribution,2026-09-08,yes,"https://www.openslr.org/resources/17/musan.tar.gz (public download, no account; place musan.tar.gz under archives/openslr_17_musan/)",aug
openslr_17_musan,openslr_17_musan/musan/noise/free-sound/noise-free-sound-0243,musan,SLR17,noise,public-domain,"All selected recordings were marked as in the Public Domain
on Free Sound (url: https://www.freesound.org/).",CC BY 4.0: attribution,2026-09-08,yes,"https://www.openslr.org/resources/17/musan.tar.gz (public download, no account; place musan.tar.gz under archives/openslr_17_musan/)",aug
openslr_17_musan,openslr_17_musan/musan/noise/free-sound/noise-free-sound-0244,musan,SLR17,noise,public-domain,"All selected recordings were marked as in the Public Domain
on Free Sound (url: https://www.freesound.org/).",CC BY 4.0: attribution,2026-09-08,yes,"https://www.openslr.org/resources/17/musan.tar.gz (public download, no account; place musan.tar.gz under archives/openslr_17_musan/)",aug
openslr_17_musan,openslr_17_musan/musan/noise/free-sound/noise-free-sound-0245,musan,SLR17,noise,public-domain,"All selected recordings were marked as in the Public Domain
on Free Sound (url: https://www.freesound.org/).",CC BY 4.0: attribution,2026-09-08,yes,"https://www.openslr.org/resources/17/musan.tar.gz (public download, no account; place musan.tar.gz under archives/openslr_17_musan/)",aug
openslr_17_musan,openslr_17_musan/musan/noise/free-sound/noise-free-sound-0246,musan,SLR17,noise,public-domain,"All selected recordings were marked as in the Public Domain
on Free Sound (url: https://www.freesound.org/).",CC BY 4.0: attribution,2026-09-08,yes,"https://www.openslr.org/resources/17/musan.tar.gz (public download, no account; place musan.tar.gz under archives/openslr_17_musan/)",aug
openslr_17_musan,openslr_17_musan/musan/noise/free-sound/noise-free-sound-0247,musan,SLR17,noise,public-domain,"All selected recordings were marked as in the Public Domain
on Free Sound (url: https://www.freesound.org/).",CC BY 4.0: attribution,2026-09-08,yes,"https://www.openslr.org/resources/17/musan.tar.gz (public download, no account; place musan.tar.gz under archives/openslr_17_musan/)",aug
openslr_17_musan,openslr_17_musan/musan/noise/free-sound/noise-free-sound-0248,musan,SLR17,noise,public-domain,"All selected recordings were marked as in the Public Domain
on Free Sound (url: https://www.freesound.org/).",CC BY 4.0: attribution,2026-09-08,yes,"https://www.openslr.org/resources/17/musan.tar.gz (public download, no account; place musan.tar.gz under archives/openslr_17_musan/)",aug
openslr_17_musan,openslr_17_musan/musan/noise/free-sound/noise-free-sound-0249,musan,SLR17,noise,public-domain,"All selected recordings were marked as in the Public Domain
on Free Sound (url: https://www.freesound.org/).",CC BY 4.0: attribution,2026-09-08,yes,"https://www.openslr.org/resources/17/musan.tar.gz (public download, no account; place musan.tar.gz under archives/openslr_17_musan/)",aug
openslr_17_musan,openslr_17_musan/musan/noise/free-sound/noise-free-sound-0250,musan,SLR17,noise,public-domain,"All selected recordings were marked as in the Public Domain
on Free Sound (url: https://www.freesound.org/).",CC BY 4.0: attribution,2026-09-08,yes,"https://www.openslr.org/resources/17/musan.tar.gz (public download, no account; place musan.tar.gz under archives/openslr_17_musan/)",aug
openslr_17_musan,openslr_17_musan/musan/noise/free-sound/noise-free-sound-0251,musan,SLR17,noise,public-domain,"All selected recordings were marked as in the Public Domain
on Free Sound (url: https://www.freesound.org/).",CC BY 4.0: attribution,2026-09-08,yes,"https://www.openslr.org/resources/17/musan.tar.gz (public download, no account; place musan.tar.gz under archives/openslr_17_musan/)",aug
openslr_17_musan,openslr_17_musan/musan/noise/free-sound/noise-free-sound-0252,musan,SLR17,noise,public-domain,"All selected recordings were marked as in the Public Domain
on Free Sound (url: https://www.freesound.org/).",CC BY 4.0: attribution,2026-09-08,yes,"https://www.openslr.org/resources/17/musan.tar.gz (public download, no account; place musan.tar.gz under archives/openslr_17_musan/)",aug
openslr_17_musan,openslr_17_musan/musan/noise/free-sound/noise-free-sound-0253,musan,SLR17,noise,public-domain,"All selected recordings were marked as in the Public Domain
on Free Sound (url: https://www.freesound.org/).",CC BY 4.0: attribution,2026-09-08,yes,"https://www.openslr.org/resources/17/musan.tar.gz (public download, no account; place musan.tar.gz under archives/openslr_17_musan/)",aug
openslr_17_musan,openslr_17_musan/musan/noise/free-sound/noise-free-sound-0254,musan,SLR17,noise,public-domain,"All selected recordings were marked as in the Public Domain
on Free Sound (url: https://www.freesound.org/).",CC BY 4.0: attribution,2026-09-08,yes,"https://www.openslr.org/resources/17/musan.tar.gz (public download, no account; place musan.tar.gz under archives/openslr_17_musan/)",eval-noise
openslr_17_musan,openslr_17_musan/musan/noise/free-sound/noise-free-sound-0255,musan,SLR17,noise,public-domain,"All selected recordings were marked as in the Public Domain
on Free Sound (url: https://www.freesound.org/).",CC BY 4.0: attribution,2026-09-08,yes,"https://www.openslr.org/resources/17/musan.tar.gz (public download, no account; place musan.tar.gz under archives/openslr_17_musan/)",aug
openslr_17_musan,openslr_17_musan/musan/noise/free-sound/noise-free-sound-0256,musan,SLR17,noise,public-domain,"All selected recordings were marked as in the Public Domain
on Free Sound (url: https://www.freesound.org/).",CC BY 4.0: attribution,2026-09-08,yes,"https://www.openslr.org/resources/17/musan.tar.gz (public download, no account; place musan.tar.gz under archives/openslr_17_musan/)",eval-noise
openslr_17_musan,openslr_17_musan/musan/noise/free-sound/noise-free-sound-0257,musan,SLR17,noise,public-domain,"All selected recordings were marked as in the Public Domain
on Free Sound (url: https://www.freesound.org/).",CC BY 4.0: attribution,2026-09-08,yes,"https://www.openslr.org/resources/17/musan.tar.gz (public download, no account; place musan.tar.gz under archives/openslr_17_musan/)",aug
openslr_17_musan,openslr_17_musan/musan/noise/free-sound/noise-free-sound-0258,musan,SLR17,noise,public-domain,"All selected recordings were marked as in the Public Domain
on Free Sound (url: https://www.freesound.org/).",CC BY 4.0: attribution,2026-09-08,yes,"https://www.openslr.org/resources/17/musan.tar.gz (public download, no account; place musan.tar.gz under archives/openslr_17_musan/)",aug
openslr_17_musan,openslr_17_musan/musan/noise/free-sound/noise-free-sound-0259,musan,SLR17,noise,public-domain,"All selected recordings were marked as in the Public Domain
on Free Sound (url: https://www.freesound.org/).",CC BY 4.0: attribution,2026-09-08,yes,"https://www.openslr.org/resources/17/musan.tar.gz (public download, no account; place musan.tar.gz under archives/openslr_17_musan/)",aug
openslr_17_musan,openslr_17_musan/musan/noise/free-sound/noise-free-sound-0260,musan,SLR17,noise,public-domain,"All selected recordings were marked as in the Public Domain
on Free Sound (url: https://www.freesound.org/).",CC BY 4.0: attribution,2026-09-08,yes,"https://www.openslr.org/resources/17/musan.tar.gz (public download, no account; place musan.tar.gz under archives/openslr_17_musan/)",aug
openslr_17_musan,openslr_17_musan/musan/noise/free-sound/noise-free-sound-0261,musan,SLR17,noise,public-domain,"All selected recordings were marked as in the Public Domain
on Free Sound (url: https://www.freesound.org/).",CC BY 4.0: attribution,2026-09-08,yes,"https://www.openslr.org/resources/17/musan.tar.gz (public download, no account; place musan.tar.gz under archives/openslr_17_musan/)",aug
openslr_17_musan,openslr_17_musan/musan/noise/free-sound/noise-free-sound-0262,musan,SLR17,noise,public-domain,"All selected recordings were marked as in the Public Domain
on Free Sound (url: https://www.freesound.org/).",CC BY 4.0: attribution,2026-09-08,yes,"https://www.openslr.org/resources/17/musan.tar.gz (public download, no account; place musan.tar.gz under archives/openslr_17_musan/)",aug
openslr_17_musan,openslr_17_musan/musan/noise/free-sound/noise-free-sound-0263,musan,SLR17,noise,public-domain,"All selected recordings were marked as in the Public Domain
on Free Sound (url: https://www.freesound.org/).",CC BY 4.0: attribution,2026-09-08,yes,"https://www.openslr.org/resources/17/musan.tar.gz (public download, no account; place musan.tar.gz under archives/openslr_17_musan/)",aug
openslr_17_musan,openslr_17_musan/musan/noise/free-sound/noise-free-sound-0264,musan,SLR17,noise,public-domain,"All selected recordings were marked as in the Public Domain
on Free Sound (url: https://www.freesound.org/).",CC BY 4.0: attribution,2026-09-08,yes,"https://www.openslr.org/resources/17/musan.tar.gz (public download, no account; place musan.tar.gz under archives/openslr_17_musan/)",aug
openslr_17_musan,openslr_17_musan/musan/noise/free-sound/noise-free-sound-0265,musan,SLR17,noise,public-domain,"All selected recordings were marked as in the Public Domain
on Free Sound (url: https://www.freesound.org/).",CC BY 4.0: attribution,2026-09-08,yes,"https://www.openslr.org/resources/17/musan.tar.gz (public download, no account; place musan.tar.gz under archives/openslr_17_musan/)",aug
openslr_17_musan,openslr_17_musan/musan/noise/free-sound/noise-free-sound-0266,musan,SLR17,noise,public-domain,"All selected recordings were marked as in the Public Domain
on Free Sound (url: https://www.freesound.org/).",CC BY 4.0: attribution,2026-09-08,yes,"https://www.openslr.org/resources/17/musan.tar.gz (public download, no account; place musan.tar.gz under archives/openslr_17_musan/)",aug
openslr_17_musan,openslr_17_musan/musan/noise/free-sound/noise-free-sound-0267,musan,SLR17,noise,public-domain,"All selected recordings were marked as in the Public Domain
on Free Sound (url: https://www.freesound.org/).",CC BY 4.0: attribution,2026-09-08,yes,"https://www.openslr.org/resources/17/musan.tar.gz (public download, no account; place musan.tar.gz under archives/openslr_17_musan/)",eval-noise
openslr_17_musan,openslr_17_musan/musan/noise/free-sound/noise-free-sound-0268,musan,SLR17,noise,public-domain,"All selected recordings were marked as in the Public Domain
on Free Sound (url: https://www.freesound.org/).",CC BY 4.0: attribution,2026-09-08,yes,"https://www.openslr.org/resources/17/musan.tar.gz (public download, no account; place musan.tar.gz under archives/openslr_17_musan/)",aug
openslr_17_musan,openslr_17_musan/musan/noise/free-sound/noise-free-sound-0269,musan,SLR17,noise,public-domain,"All selected recordings were marked as in the Public Domain
on Free Sound (url: https://www.freesound.org/).",CC BY 4.0: attribution,2026-09-08,yes,"https://www.openslr.org/resources/17/musan.tar.gz (public download, no account; place musan.tar.gz under archives/openslr_17_musan/)",aug
openslr_17_musan,openslr_17_musan/musan/noise/free-sound/noise-free-sound-0270,musan,SLR17,noise,public-domain,"All selected recordings were marked as in the Public Domain
on Free Sound (url: https://www.freesound.org/).",CC BY 4.0: attribution,2026-09-08,yes,"https://www.openslr.org/resources/17/musan.tar.gz (public download, no account; place musan.tar.gz under archives/openslr_17_musan/)",aug
openslr_17_musan,openslr_17_musan/musan/noise/free-sound/noise-free-sound-0271,musan,SLR17,noise,public-domain,"All selected recordings were marked as in the Public Domain
on Free Sound (url: https://www.freesound.org/).",CC BY 4.0: attribution,2026-09-08,yes,"https://www.openslr.org/resources/17/musan.tar.gz (public download, no account; place musan.tar.gz under archives/openslr_17_musan/)",eval-noise
openslr_17_musan,openslr_17_musan/musan/noise/free-sound/noise-free-sound-0272,musan,SLR17,noise,public-domain,"All selected recordings were marked as in the Public Domain
on Free Sound (url: https://www.freesound.org/).",CC BY 4.0: attribution,2026-09-08,yes,"https://www.openslr.org/resources/17/musan.tar.gz (public download, no account; place musan.tar.gz under archives/openslr_17_musan/)",aug
openslr_17_musan,openslr_17_musan/musan/noise/free-sound/noise-free-sound-0273,musan,SLR17,noise,public-domain,"All selected recordings were marked as in the Public Domain
on Free Sound (url: https://www.freesound.org/).",CC BY 4.0: attribution,2026-09-08,yes,"https://www.openslr.org/resources/17/musan.tar.gz (public download, no account; place musan.tar.gz under archives/openslr_17_musan/)",aug
openslr_17_musan,openslr_17_musan/musan/noise/free-sound/noise-free-sound-0274,musan,SLR17,noise,public-domain,"All selected recordings were marked as in the Public Domain
on Free Sound (url: https://www.freesound.org/).",CC BY 4.0: attribution,2026-09-08,yes,"https://www.openslr.org/resources/17/musan.tar.gz (public download, no account; place musan.tar.gz under archives/openslr_17_musan/)",eval-noise
openslr_17_musan,openslr_17_musan/musan/noise/free-sound/noise-free-sound-0275,musan,SLR17,noise,public-domain,"All selected recordings were marked as in the Public Domain
on Free Sound (url: https://www.freesound.org/).",CC BY 4.0: attribution,2026-09-08,yes,"https://www.openslr.org/resources/17/musan.tar.gz (public download, no account; place musan.tar.gz under archives/openslr_17_musan/)",aug
openslr_17_musan,openslr_17_musan/musan/noise/free-sound/noise-free-sound-0276,musan,SLR17,noise,public-domain,"All selected recordings were marked as in the Public Domain
on Free Sound (url: https://www.freesound.org/).",CC BY 4.0: attribution,2026-09-08,yes,"https://www.openslr.org/resources/17/musan.tar.gz (public download, no account; place musan.tar.gz under archives/openslr_17_musan/)",aug
openslr_17_musan,openslr_17_musan/musan/noise/free-sound/noise-free-sound-0277,musan,SLR17,noise,public-domain,"All selected recordings were marked as in the Public Domain
on Free Sound (url: https://www.freesound.org/).",CC BY 4.0: attribution,2026-09-08,yes,"https://www.openslr.org/resources/17/musan.tar.gz (public download, no account; place musan.tar.gz under archives/openslr_17_musan/)",aug
openslr_17_musan,openslr_17_musan/musan/noise/free-sound/noise-free-sound-0278,musan,SLR17,noise,public-domain,"All selected recordings were marked as in the Public Domain
on Free Sound (url: https://www.freesound.org/).",CC BY 4.0: attribution,2026-09-08,yes,"https://www.openslr.org/resources/17/musan.tar.gz (public download, no account; place musan.tar.gz under archives/openslr_17_musan/)",aug
openslr_17_musan,openslr_17_musan/musan/noise/free-sound/noise-free-sound-0279,musan,SLR17,noise,public-domain,"All selected recordings were marked as in the Public Domain
on Free Sound (url: https://www.freesound.org/).",CC BY 4.0: attribution,2026-09-08,yes,"https://www.openslr.org/resources/17/musan.tar.gz (public download, no account; place musan.tar.gz under archives/openslr_17_musan/)",aug
openslr_17_musan,openslr_17_musan/musan/noise/free-sound/noise-free-sound-0280,musan,SLR17,noise,public-domain,"All selected recordings were marked as in the Public Domain
on Free Sound (url: https://www.freesound.org/).",CC BY 4.0: attribution,2026-09-08,yes,"https://www.openslr.org/resources/17/musan.tar.gz (public download, no account; place musan.tar.gz under archives/openslr_17_musan/)",aug
openslr_17_musan,openslr_17_musan/musan/noise/free-sound/noise-free-sound-0281,musan,SLR17,noise,public-domain,"All selected recordings were marked as in the Public Domain
on Free Sound (url: https://www.freesound.org/).",CC BY 4.0: attribution,2026-09-08,yes,"https://www.openslr.org/resources/17/musan.tar.gz (public download, no account; place musan.tar.gz under archives/openslr_17_musan/)",aug
openslr_17_musan,openslr_17_musan/musan/noise/free-sound/noise-free-sound-0282,musan,SLR17,noise,public-domain,"All selected recordings were marked as in the Public Domain
on Free Sound (url: https://www.freesound.org/).",CC BY 4.0: attribution,2026-09-08,yes,"https://www.openslr.org/resources/17/musan.tar.gz (public download, no account; place musan.tar.gz under archives/openslr_17_musan/)",aug
openslr_17_musan,openslr_17_musan/musan/noise/free-sound/noise-free-sound-0283,musan,SLR17,noise,public-domain,"All selected recordings were marked as in the Public Domain
on Free Sound (url: https://www.freesound.org/).",CC BY 4.0: attribution,2026-09-08,yes,"https://www.openslr.org/resources/17/musan.tar.gz (public download, no account; place musan.tar.gz under archives/openslr_17_musan/)",aug
openslr_17_musan,openslr_17_musan/musan/noise/free-sound/noise-free-sound-0284,musan,SLR17,noise,public-domain,"All selected recordings were marked as in the Public Domain
on Free Sound (url: https://www.freesound.org/).",CC BY 4.0: attribution,2026-09-08,yes,"https://www.openslr.org/resources/17/musan.tar.gz (public download, no account; place musan.tar.gz under archives/openslr_17_musan/)",aug
openslr_17_musan,openslr_17_musan/musan/noise/free-sound/noise-free-sound-0285,musan,SLR17,noise,public-domain,"All selected recordings were marked as in the Public Domain
on Free Sound (url: https://www.freesound.org/).",CC BY 4.0: attribution,2026-09-08,yes,"https://www.openslr.org/resources/17/musan.tar.gz (public download, no account; place musan.tar.gz under archives/openslr_17_musan/)",aug
openslr_17_musan,openslr_17_musan/musan/noise/free-sound/noise-free-sound-0286,musan,SLR17,noise,public-domain,"All selected recordings were marked as in the Public Domain
on Free Sound (url: https://www.freesound.org/).",CC BY 4.0: attribution,2026-09-08,yes,"https://www.openslr.org/resources/17/musan.tar.gz (public download, no account; place musan.tar.gz under archives/openslr_17_musan/)",eval-noise
openslr_17_musan,openslr_17_musan/musan/noise/free-sound/noise-free-sound-0287,musan,SLR17,noise,public-domain,"All selected recordings were marked as in the Public Domain
on Free Sound (url: https://www.freesound.org/).",CC BY 4.0: attribution,2026-09-08,yes,"https://www.openslr.org/resources/17/musan.tar.gz (public download, no account; place musan.tar.gz under archives/openslr_17_musan/)",aug
openslr_17_musan,openslr_17_musan/musan/noise/free-sound/noise-free-sound-0288,musan,SLR17,noise,public-domain,"All selected recordings were marked as in the Public Domain
on Free Sound (url: https://www.freesound.org/).",CC BY 4.0: attribution,2026-09-08,yes,"https://www.openslr.org/resources/17/musan.tar.gz (public download, no account; place musan.tar.gz under archives/openslr_17_musan/)",aug
openslr_17_musan,openslr_17_musan/musan/noise/free-sound/noise-free-sound-0289,musan,SLR17,noise,public-domain,"All selected recordings were marked as in the Public Domain
on Free Sound (url: https://www.freesound.org/).",CC BY 4.0: attribution,2026-09-08,yes,"https://www.openslr.org/resources/17/musan.tar.gz (public download, no account; place musan.tar.gz under archives/openslr_17_musan/)",aug
openslr_17_musan,openslr_17_musan/musan/noise/free-sound/noise-free-sound-0290,musan,SLR17,noise,public-domain,"All selected recordings were marked as in the Public Domain
on Free Sound (url: https://www.freesound.org/).",CC BY 4.0: attribution,2026-09-08,yes,"https://www.openslr.org/resources/17/musan.tar.gz (public download, no account; place musan.tar.gz under archives/openslr_17_musan/)",aug
openslr_17_musan,openslr_17_musan/musan/noise/free-sound/noise-free-sound-0291,musan,SLR17,noise,public-domain,"All selected recordings were marked as in the Public Domain
on Free Sound (url: https://www.freesound.org/).",CC BY 4.0: attribution,2026-09-08,yes,"https://www.openslr.org/resources/17/musan.tar.gz (public download, no account; place musan.tar.gz under archives/openslr_17_musan/)",aug
openslr_17_musan,openslr_17_musan/musan/noise/free-sound/noise-free-sound-0292,musan,SLR17,noise,public-domain,"All selected recordings were marked as in the Public Domain
on Free Sound (url: https://www.freesound.org/).",CC BY 4.0: attribution,2026-09-08,yes,"https://www.openslr.org/resources/17/musan.tar.gz (public download, no account; place musan.tar.gz under archives/openslr_17_musan/)",aug
openslr_17_musan,openslr_17_musan/musan/noise/free-sound/noise-free-sound-0293,musan,SLR17,noise,public-domain,"All selected recordings were marked as in the Public Domain
on Free Sound (url: https://www.freesound.org/).",CC BY 4.0: attribution,2026-09-08,yes,"https://www.openslr.org/resources/17/musan.tar.gz (public download, no account; place musan.tar.gz under archives/openslr_17_musan/)",aug
openslr_17_musan,openslr_17_musan/musan/noise/free-sound/noise-free-sound-0294,musan,SLR17,noise,public-domain,"All selected recordings were marked as in the Public Domain
on Free Sound (url: https://www.freesound.org/).",CC BY 4.0: attribution,2026-09-08,yes,"https://www.openslr.org/resources/17/musan.tar.gz (public download, no account; place musan.tar.gz under archives/openslr_17_musan/)",aug
openslr_17_musan,openslr_17_musan/musan/noise/free-sound/noise-free-sound-0295,musan,SLR17,noise,public-domain,"All selected recordings were marked as in the Public Domain
on Free Sound (url: https://www.freesound.org/).",CC BY 4.0: attribution,2026-09-08,yes,"https://www.openslr.org/resources/17/musan.tar.gz (public download, no account; place musan.tar.gz under archives/openslr_17_musan/)",aug
openslr_17_musan,openslr_17_musan/musan/noise/free-sound/noise-free-sound-0296,musan,SLR17,noise,public-domain,"All selected recordings were marked as in the Public Domain
on Free Sound (url: https://www.freesound.org/).",CC BY 4.0: attribution,2026-09-08,yes,"https://www.openslr.org/resources/17/musan.tar.gz (public download, no account; place musan.tar.gz under archives/openslr_17_musan/)",aug
openslr_17_musan,openslr_17_musan/musan/noise/free-sound/noise-free-sound-0297,musan,SLR17,noise,public-domain,"All selected recordings were marked as in the Public Domain
on Free Sound (url: https://www.freesound.org/).",CC BY 4.0: attribution,2026-09-08,yes,"https://www.openslr.org/resources/17/musan.tar.gz (public download, no account; place musan.tar.gz under archives/openslr_17_musan/)",aug
openslr_17_musan,openslr_17_musan/musan/noise/free-sound/noise-free-sound-0298,musan,SLR17,noise,public-domain,"All selected recordings were marked as in the Public Domain
on Free Sound (url: https://www.freesound.org/).",CC BY 4.0: attribution,2026-09-08,yes,"https://www.openslr.org/resources/17/musan.tar.gz (public download, no account; place musan.tar.gz under archives/openslr_17_musan/)",aug
openslr_17_musan,openslr_17_musan/musan/noise/free-sound/noise-free-sound-0299,musan,SLR17,noise,public-domain,"All selected recordings were marked as in the Public Domain
on Free Sound (url: https://www.freesound.org/).",CC BY 4.0: attribution,2026-09-08,yes,"https://www.openslr.org/resources/17/musan.tar.gz (public download, no account; place musan.tar.gz under archives/openslr_17_musan/)",eval-noise
openslr_17_musan,openslr_17_musan/musan/noise/free-sound/noise-free-sound-0300,musan,SLR17,noise,public-domain,"All selected recordings were marked as in the Public Domain
on Free Sound (url: https://www.freesound.org/).",CC BY 4.0: attribution,2026-09-08,yes,"https://www.openslr.org/resources/17/musan.tar.gz (public download, no account; place musan.tar.gz under archives/openslr_17_musan/)",aug
openslr_17_musan,openslr_17_musan/musan/noise/free-sound/noise-free-sound-0301,musan,SLR17,noise,public-domain,"All selected recordings were marked as in the Public Domain
on Free Sound (url: https://www.freesound.org/).",CC BY 4.0: attribution,2026-09-08,yes,"https://www.openslr.org/resources/17/musan.tar.gz (public download, no account; place musan.tar.gz under archives/openslr_17_musan/)",aug
openslr_17_musan,openslr_17_musan/musan/noise/free-sound/noise-free-sound-0302,musan,SLR17,noise,public-domain,"All selected recordings were marked as in the Public Domain
on Free Sound (url: https://www.freesound.org/).",CC BY 4.0: attribution,2026-09-08,yes,"https://www.openslr.org/resources/17/musan.tar.gz (public download, no account; place musan.tar.gz under archives/openslr_17_musan/)",eval-noise
openslr_17_musan,openslr_17_musan/musan/noise/free-sound/noise-free-sound-0303,musan,SLR17,noise,public-domain,"All selected recordings were marked as in the Public Domain
on Free Sound (url: https://www.freesound.org/).",CC BY 4.0: attribution,2026-09-08,yes,"https://www.openslr.org/resources/17/musan.tar.gz (public download, no account; place musan.tar.gz under archives/openslr_17_musan/)",aug
openslr_17_musan,openslr_17_musan/musan/noise/free-sound/noise-free-sound-0304,musan,SLR17,noise,public-domain,"All selected recordings were marked as in the Public Domain
on Free Sound (url: https://www.freesound.org/).",CC BY 4.0: attribution,2026-09-08,yes,"https://www.openslr.org/resources/17/musan.tar.gz (public download, no account; place musan.tar.gz under archives/openslr_17_musan/)",aug
openslr_17_musan,openslr_17_musan/musan/noise/free-sound/noise-free-sound-0305,musan,SLR17,noise,public-domain,"All selected recordings were marked as in the Public Domain
on Free Sound (url: https://www.freesound.org/).",CC BY 4.0: attribution,2026-09-08,yes,"https://www.openslr.org/resources/17/musan.tar.gz (public download, no account; place musan.tar.gz under archives/openslr_17_musan/)",aug
openslr_17_musan,openslr_17_musan/musan/noise/free-sound/noise-free-sound-0306,musan,SLR17,noise,public-domain,"All selected recordings were marked as in the Public Domain
on Free Sound (url: https://www.freesound.org/).",CC BY 4.0: attribution,2026-09-08,yes,"https://www.openslr.org/resources/17/musan.tar.gz (public download, no account; place musan.tar.gz under archives/openslr_17_musan/)",aug
openslr_17_musan,openslr_17_musan/musan/noise/free-sound/noise-free-sound-0307,musan,SLR17,noise,public-domain,"All selected recordings were marked as in the Public Domain
on Free Sound (url: https://www.freesound.org/).",CC BY 4.0: attribution,2026-09-08,yes,"https://www.openslr.org/resources/17/musan.tar.gz (public download, no account; place musan.tar.gz under archives/openslr_17_musan/)",eval-noise
openslr_17_musan,openslr_17_musan/musan/noise/free-sound/noise-free-sound-0308,musan,SLR17,noise,public-domain,"All selected recordings were marked as in the Public Domain
on Free Sound (url: https://www.freesound.org/).",CC BY 4.0: attribution,2026-09-08,yes,"https://www.openslr.org/resources/17/musan.tar.gz (public download, no account; place musan.tar.gz under archives/openslr_17_musan/)",eval-noise
openslr_17_musan,openslr_17_musan/musan/noise/free-sound/noise-free-sound-0309,musan,SLR17,noise,public-domain,"All selected recordings were marked as in the Public Domain
on Free Sound (url: https://www.freesound.org/).",CC BY 4.0: attribution,2026-09-08,yes,"https://www.openslr.org/resources/17/musan.tar.gz (public download, no account; place musan.tar.gz under archives/openslr_17_musan/)",aug
openslr_17_musan,openslr_17_musan/musan/noise/free-sound/noise-free-sound-0310,musan,SLR17,noise,public-domain,"All selected recordings were marked as in the Public Domain
on Free Sound (url: https://www.freesound.org/).",CC BY 4.0: attribution,2026-09-08,yes,"https://www.openslr.org/resources/17/musan.tar.gz (public download, no account; place musan.tar.gz under archives/openslr_17_musan/)",aug
openslr_17_musan,openslr_17_musan/musan/noise/free-sound/noise-free-sound-0311,musan,SLR17,noise,public-domain,"All selected recordings were marked as in the Public Domain
on Free Sound (url: https://www.freesound.org/).",CC BY 4.0: attribution,2026-09-08,yes,"https://www.openslr.org/resources/17/musan.tar.gz (public download, no account; place musan.tar.gz under archives/openslr_17_musan/)",aug
openslr_17_musan,openslr_17_musan/musan/noise/free-sound/noise-free-sound-0312,musan,SLR17,noise,public-domain,"All selected recordings were marked as in the Public Domain
on Free Sound (url: https://www.freesound.org/).",CC BY 4.0: attribution,2026-09-08,yes,"https://www.openslr.org/resources/17/musan.tar.gz (public download, no account; place musan.tar.gz under archives/openslr_17_musan/)",aug
openslr_17_musan,openslr_17_musan/musan/noise/free-sound/noise-free-sound-0313,musan,SLR17,noise,public-domain,"All selected recordings were marked as in the Public Domain
on Free Sound (url: https://www.freesound.org/).",CC BY 4.0: attribution,2026-09-08,yes,"https://www.openslr.org/resources/17/musan.tar.gz (public download, no account; place musan.tar.gz under archives/openslr_17_musan/)",aug
openslr_17_musan,openslr_17_musan/musan/noise/free-sound/noise-free-sound-0314,musan,SLR17,noise,public-domain,"All selected recordings were marked as in the Public Domain
on Free Sound (url: https://www.freesound.org/).",CC BY 4.0: attribution,2026-09-08,yes,"https://www.openslr.org/resources/17/musan.tar.gz (public download, no account; place musan.tar.gz under archives/openslr_17_musan/)",aug
openslr_17_musan,openslr_17_musan/musan/noise/free-sound/noise-free-sound-0315,musan,SLR17,noise,public-domain,"All selected recordings were marked as in the Public Domain
on Free Sound (url: https://www.freesound.org/).",CC BY 4.0: attribution,2026-09-08,yes,"https://www.openslr.org/resources/17/musan.tar.gz (public download, no account; place musan.tar.gz under archives/openslr_17_musan/)",aug
openslr_17_musan,openslr_17_musan/musan/noise/free-sound/noise-free-sound-0316,musan,SLR17,noise,public-domain,"All selected recordings were marked as in the Public Domain
on Free Sound (url: https://www.freesound.org/).",CC BY 4.0: attribution,2026-09-08,yes,"https://www.openslr.org/resources/17/musan.tar.gz (public download, no account; place musan.tar.gz under archives/openslr_17_musan/)",aug
openslr_17_musan,openslr_17_musan/musan/noise/free-sound/noise-free-sound-0317,musan,SLR17,noise,public-domain,"All selected recordings were marked as in the Public Domain
on Free Sound (url: https://www.freesound.org/).",CC BY 4.0: attribution,2026-09-08,yes,"https://www.openslr.org/resources/17/musan.tar.gz (public download, no account; place musan.tar.gz under archives/openslr_17_musan/)",aug
openslr_17_musan,openslr_17_musan/musan/noise/free-sound/noise-free-sound-0318,musan,SLR17,noise,public-domain,"All selected recordings were marked as in the Public Domain
on Free Sound (url: https://www.freesound.org/).",CC BY 4.0: attribution,2026-09-08,yes,"https://www.openslr.org/resources/17/musan.tar.gz (public download, no account; place musan.tar.gz under archives/openslr_17_musan/)",aug
openslr_17_musan,openslr_17_musan/musan/noise/free-sound/noise-free-sound-0319,musan,SLR17,noise,public-domain,"All selected recordings were marked as in the Public Domain
on Free Sound (url: https://www.freesound.org/).",CC BY 4.0: attribution,2026-09-08,yes,"https://www.openslr.org/resources/17/musan.tar.gz (public download, no account; place musan.tar.gz under archives/openslr_17_musan/)",aug
openslr_17_musan,openslr_17_musan/musan/noise/free-sound/noise-free-sound-0320,musan,SLR17,noise,public-domain,"All selected recordings were marked as in the Public Domain
on Free Sound (url: https://www.freesound.org/).",CC BY 4.0: attribution,2026-09-08,yes,"https://www.openslr.org/resources/17/musan.tar.gz (public download, no account; place musan.tar.gz under archives/openslr_17_musan/)",aug
openslr_17_musan,openslr_17_musan/musan/noise/free-sound/noise-free-sound-0321,musan,SLR17,noise,public-domain,"All selected recordings were marked as in the Public Domain
on Free Sound (url: https://www.freesound.org/).",CC BY 4.0: attribution,2026-09-08,yes,"https://www.openslr.org/resources/17/musan.tar.gz (public download, no account; place musan.tar.gz under archives/openslr_17_musan/)",eval-noise
openslr_17_musan,openslr_17_musan/musan/noise/free-sound/noise-free-sound-0322,musan,SLR17,noise,public-domain,"All selected recordings were marked as in the Public Domain
on Free Sound (url: https://www.freesound.org/).",CC BY 4.0: attribution,2026-09-08,yes,"https://www.openslr.org/resources/17/musan.tar.gz (public download, no account; place musan.tar.gz under archives/openslr_17_musan/)",aug
openslr_17_musan,openslr_17_musan/musan/noise/free-sound/noise-free-sound-0323,musan,SLR17,noise,public-domain,"All selected recordings were marked as in the Public Domain
on Free Sound (url: https://www.freesound.org/).",CC BY 4.0: attribution,2026-09-08,yes,"https://www.openslr.org/resources/17/musan.tar.gz (public download, no account; place musan.tar.gz under archives/openslr_17_musan/)",eval-noise
openslr_17_musan,openslr_17_musan/musan/noise/free-sound/noise-free-sound-0324,musan,SLR17,noise,public-domain,"All selected recordings were marked as in the Public Domain
on Free Sound (url: https://www.freesound.org/).",CC BY 4.0: attribution,2026-09-08,yes,"https://www.openslr.org/resources/17/musan.tar.gz (public download, no account; place musan.tar.gz under archives/openslr_17_musan/)",aug
openslr_17_musan,openslr_17_musan/musan/noise/free-sound/noise-free-sound-0325,musan,SLR17,noise,public-domain,"All selected recordings were marked as in the Public Domain
on Free Sound (url: https://www.freesound.org/).",CC BY 4.0: attribution,2026-09-08,yes,"https://www.openslr.org/resources/17/musan.tar.gz (public download, no account; place musan.tar.gz under archives/openslr_17_musan/)",aug
openslr_17_musan,openslr_17_musan/musan/noise/free-sound/noise-free-sound-0326,musan,SLR17,noise,public-domain,"All selected recordings were marked as in the Public Domain
on Free Sound (url: https://www.freesound.org/).",CC BY 4.0: attribution,2026-09-08,yes,"https://www.openslr.org/resources/17/musan.tar.gz (public download, no account; place musan.tar.gz under archives/openslr_17_musan/)",aug
openslr_17_musan,openslr_17_musan/musan/noise/free-sound/noise-free-sound-0327,musan,SLR17,noise,public-domain,"All selected recordings were marked as in the Public Domain
on Free Sound (url: https://www.freesound.org/).",CC BY 4.0: attribution,2026-09-08,yes,"https://www.openslr.org/resources/17/musan.tar.gz (public download, no account; place musan.tar.gz under archives/openslr_17_musan/)",aug
openslr_17_musan,openslr_17_musan/musan/noise/free-sound/noise-free-sound-0328,musan,SLR17,noise,public-domain,"All selected recordings were marked as in the Public Domain
on Free Sound (url: https://www.freesound.org/).",CC BY 4.0: attribution,2026-09-08,yes,"https://www.openslr.org/resources/17/musan.tar.gz (public download, no account; place musan.tar.gz under archives/openslr_17_musan/)",aug
openslr_17_musan,openslr_17_musan/musan/noise/free-sound/noise-free-sound-0329,musan,SLR17,noise,public-domain,"All selected recordings were marked as in the Public Domain
on Free Sound (url: https://www.freesound.org/).",CC BY 4.0: attribution,2026-09-08,yes,"https://www.openslr.org/resources/17/musan.tar.gz (public download, no account; place musan.tar.gz under archives/openslr_17_musan/)",aug
openslr_17_musan,openslr_17_musan/musan/noise/free-sound/noise-free-sound-0330,musan,SLR17,noise,public-domain,"All selected recordings were marked as in the Public Domain
on Free Sound (url: https://www.freesound.org/).",CC BY 4.0: attribution,2026-09-08,yes,"https://www.openslr.org/resources/17/musan.tar.gz (public download, no account; place musan.tar.gz under archives/openslr_17_musan/)",aug
openslr_17_musan,openslr_17_musan/musan/noise/free-sound/noise-free-sound-0331,musan,SLR17,noise,public-domain,"All selected recordings were marked as in the Public Domain
on Free Sound (url: https://www.freesound.org/).",CC BY 4.0: attribution,2026-09-08,yes,"https://www.openslr.org/resources/17/musan.tar.gz (public download, no account; place musan.tar.gz under archives/openslr_17_musan/)",eval-noise
openslr_17_musan,openslr_17_musan/musan/noise/free-sound/noise-free-sound-0332,musan,SLR17,noise,public-domain,"All selected recordings were marked as in the Public Domain
on Free Sound (url: https://www.freesound.org/).",CC BY 4.0: attribution,2026-09-08,yes,"https://www.openslr.org/resources/17/musan.tar.gz (public download, no account; place musan.tar.gz under archives/openslr_17_musan/)",aug
openslr_17_musan,openslr_17_musan/musan/noise/free-sound/noise-free-sound-0333,musan,SLR17,noise,public-domain,"All selected recordings were marked as in the Public Domain
on Free Sound (url: https://www.freesound.org/).",CC BY 4.0: attribution,2026-09-08,yes,"https://www.openslr.org/resources/17/musan.tar.gz (public download, no account; place musan.tar.gz under archives/openslr_17_musan/)",aug
openslr_17_musan,openslr_17_musan/musan/noise/free-sound/noise-free-sound-0334,musan,SLR17,noise,public-domain,"All selected recordings were marked as in the Public Domain
on Free Sound (url: https://www.freesound.org/).",CC BY 4.0: attribution,2026-09-08,yes,"https://www.openslr.org/resources/17/musan.tar.gz (public download, no account; place musan.tar.gz under archives/openslr_17_musan/)",aug
openslr_17_musan,openslr_17_musan/musan/noise/free-sound/noise-free-sound-0335,musan,SLR17,noise,public-domain,"All selected recordings were marked as in the Public Domain
on Free Sound (url: https://www.freesound.org/).",CC BY 4.0: attribution,2026-09-08,yes,"https://www.openslr.org/resources/17/musan.tar.gz (public download, no account; place musan.tar.gz under archives/openslr_17_musan/)",aug
openslr_17_musan,openslr_17_musan/musan/noise/free-sound/noise-free-sound-0336,musan,SLR17,noise,public-domain,"All selected recordings were marked as in the Public Domain
on Free Sound (url: https://www.freesound.org/).",CC BY 4.0: attribution,2026-09-08,yes,"https://www.openslr.org/resources/17/musan.tar.gz (public download, no account; place musan.tar.gz under archives/openslr_17_musan/)",eval-noise
openslr_17_musan,openslr_17_musan/musan/noise/free-sound/noise-free-sound-0337,musan,SLR17,noise,public-domain,"All selected recordings were marked as in the Public Domain
on Free Sound (url: https://www.freesound.org/).",CC BY 4.0: attribution,2026-09-08,yes,"https://www.openslr.org/resources/17/musan.tar.gz (public download, no account; place musan.tar.gz under archives/openslr_17_musan/)",aug
openslr_17_musan,openslr_17_musan/musan/noise/free-sound/noise-free-sound-0338,musan,SLR17,noise,public-domain,"All selected recordings were marked as in the Public Domain
on Free Sound (url: https://www.freesound.org/).",CC BY 4.0: attribution,2026-09-08,yes,"https://www.openslr.org/resources/17/musan.tar.gz (public download, no account; place musan.tar.gz under archives/openslr_17_musan/)",aug
openslr_17_musan,openslr_17_musan/musan/noise/free-sound/noise-free-sound-0339,musan,SLR17,noise,public-domain,"All selected recordings were marked as in the Public Domain
on Free Sound (url: https://www.freesound.org/).",CC BY 4.0: attribution,2026-09-08,yes,"https://www.openslr.org/resources/17/musan.tar.gz (public download, no account; place musan.tar.gz under archives/openslr_17_musan/)",aug
openslr_17_musan,openslr_17_musan/musan/noise/free-sound/noise-free-sound-0340,musan,SLR17,noise,public-domain,"All selected recordings were marked as in the Public Domain
on Free Sound (url: https://www.freesound.org/).",CC BY 4.0: attribution,2026-09-08,yes,"https://www.openslr.org/resources/17/musan.tar.gz (public download, no account; place musan.tar.gz under archives/openslr_17_musan/)",aug
openslr_17_musan,openslr_17_musan/musan/noise/free-sound/noise-free-sound-0341,musan,SLR17,noise,public-domain,"All selected recordings were marked as in the Public Domain
on Free Sound (url: https://www.freesound.org/).",CC BY 4.0: attribution,2026-09-08,yes,"https://www.openslr.org/resources/17/musan.tar.gz (public download, no account; place musan.tar.gz under archives/openslr_17_musan/)",aug
openslr_17_musan,openslr_17_musan/musan/noise/free-sound/noise-free-sound-0342,musan,SLR17,noise,public-domain,"All selected recordings were marked as in the Public Domain
on Free Sound (url: https://www.freesound.org/).",CC BY 4.0: attribution,2026-09-08,yes,"https://www.openslr.org/resources/17/musan.tar.gz (public download, no account; place musan.tar.gz under archives/openslr_17_musan/)",aug
openslr_17_musan,openslr_17_musan/musan/noise/free-sound/noise-free-sound-0343,musan,SLR17,noise,public-domain,"All selected recordings were marked as in the Public Domain
on Free Sound (url: https://www.freesound.org/).",CC BY 4.0: attribution,2026-09-08,yes,"https://www.openslr.org/resources/17/musan.tar.gz (public download, no account; place musan.tar.gz under archives/openslr_17_musan/)",aug
openslr_17_musan,openslr_17_musan/musan/noise/free-sound/noise-free-sound-0344,musan,SLR17,noise,public-domain,"All selected recordings were marked as in the Public Domain
on Free Sound (url: https://www.freesound.org/).",CC BY 4.0: attribution,2026-09-08,yes,"https://www.openslr.org/resources/17/musan.tar.gz (public download, no account; place musan.tar.gz under archives/openslr_17_musan/)",aug
openslr_17_musan,openslr_17_musan/musan/noise/free-sound/noise-free-sound-0345,musan,SLR17,noise,public-domain,"All selected recordings were marked as in the Public Domain
on Free Sound (url: https://www.freesound.org/).",CC BY 4.0: attribution,2026-09-08,yes,"https://www.openslr.org/resources/17/musan.tar.gz (public download, no account; place musan.tar.gz under archives/openslr_17_musan/)",aug
openslr_17_musan,openslr_17_musan/musan/noise/free-sound/noise-free-sound-0346,musan,SLR17,noise,public-domain,"All selected recordings were marked as in the Public Domain
on Free Sound (url: https://www.freesound.org/).",CC BY 4.0: attribution,2026-09-08,yes,"https://www.openslr.org/resources/17/musan.tar.gz (public download, no account; place musan.tar.gz under archives/openslr_17_musan/)",aug
openslr_17_musan,openslr_17_musan/musan/noise/free-sound/noise-free-sound-0347,musan,SLR17,noise,public-domain,"All selected recordings were marked as in the Public Domain
on Free Sound (url: https://www.freesound.org/).",CC BY 4.0: attribution,2026-09-08,yes,"https://www.openslr.org/resources/17/musan.tar.gz (public download, no account; place musan.tar.gz under archives/openslr_17_musan/)",eval-noise
openslr_17_musan,openslr_17_musan/musan/noise/free-sound/noise-free-sound-0348,musan,SLR17,noise,public-domain,"All selected recordings were marked as in the Public Domain
on Free Sound (url: https://www.freesound.org/).",CC BY 4.0: attribution,2026-09-08,yes,"https://www.openslr.org/resources/17/musan.tar.gz (public download, no account; place musan.tar.gz under archives/openslr_17_musan/)",aug
openslr_17_musan,openslr_17_musan/musan/noise/free-sound/noise-free-sound-0349,musan,SLR17,noise,public-domain,"All selected recordings were marked as in the Public Domain
on Free Sound (url: https://www.freesound.org/).",CC BY 4.0: attribution,2026-09-08,yes,"https://www.openslr.org/resources/17/musan.tar.gz (public download, no account; place musan.tar.gz under archives/openslr_17_musan/)",aug
openslr_17_musan,openslr_17_musan/musan/noise/free-sound/noise-free-sound-0350,musan,SLR17,noise,public-domain,"All selected recordings were marked as in the Public Domain
on Free Sound (url: https://www.freesound.org/).",CC BY 4.0: attribution,2026-09-08,yes,"https://www.openslr.org/resources/17/musan.tar.gz (public download, no account; place musan.tar.gz under archives/openslr_17_musan/)",eval-noise
openslr_17_musan,openslr_17_musan/musan/noise/free-sound/noise-free-sound-0351,musan,SLR17,noise,public-domain,"All selected recordings were marked as in the Public Domain
on Free Sound (url: https://www.freesound.org/).",CC BY 4.0: attribution,2026-09-08,yes,"https://www.openslr.org/resources/17/musan.tar.gz (public download, no account; place musan.tar.gz under archives/openslr_17_musan/)",aug
openslr_17_musan,openslr_17_musan/musan/noise/free-sound/noise-free-sound-0352,musan,SLR17,noise,public-domain,"All selected recordings were marked as in the Public Domain
on Free Sound (url: https://www.freesound.org/).",CC BY 4.0: attribution,2026-09-08,yes,"https://www.openslr.org/resources/17/musan.tar.gz (public download, no account; place musan.tar.gz under archives/openslr_17_musan/)",aug
openslr_17_musan,openslr_17_musan/musan/noise/free-sound/noise-free-sound-0353,musan,SLR17,noise,public-domain,"All selected recordings were marked as in the Public Domain
on Free Sound (url: https://www.freesound.org/).",CC BY 4.0: attribution,2026-09-08,yes,"https://www.openslr.org/resources/17/musan.tar.gz (public download, no account; place musan.tar.gz under archives/openslr_17_musan/)",eval-noise
openslr_17_musan,openslr_17_musan/musan/noise/free-sound/noise-free-sound-0354,musan,SLR17,noise,public-domain,"All selected recordings were marked as in the Public Domain
on Free Sound (url: https://www.freesound.org/).",CC BY 4.0: attribution,2026-09-08,yes,"https://www.openslr.org/resources/17/musan.tar.gz (public download, no account; place musan.tar.gz under archives/openslr_17_musan/)",aug
openslr_17_musan,openslr_17_musan/musan/noise/free-sound/noise-free-sound-0355,musan,SLR17,noise,public-domain,"All selected recordings were marked as in the Public Domain
on Free Sound (url: https://www.freesound.org/).",CC BY 4.0: attribution,2026-09-08,yes,"https://www.openslr.org/resources/17/musan.tar.gz (public download, no account; place musan.tar.gz under archives/openslr_17_musan/)",aug
openslr_17_musan,openslr_17_musan/musan/noise/free-sound/noise-free-sound-0356,musan,SLR17,noise,public-domain,"All selected recordings were marked as in the Public Domain
on Free Sound (url: https://www.freesound.org/).",CC BY 4.0: attribution,2026-09-08,yes,"https://www.openslr.org/resources/17/musan.tar.gz (public download, no account; place musan.tar.gz under archives/openslr_17_musan/)",aug
openslr_17_musan,openslr_17_musan/musan/noise/free-sound/noise-free-sound-0357,musan,SLR17,noise,public-domain,"All selected recordings were marked as in the Public Domain
on Free Sound (url: https://www.freesound.org/).",CC BY 4.0: attribution,2026-09-08,yes,"https://www.openslr.org/resources/17/musan.tar.gz (public download, no account; place musan.tar.gz under archives/openslr_17_musan/)",aug
openslr_17_musan,openslr_17_musan/musan/noise/free-sound/noise-free-sound-0358,musan,SLR17,noise,public-domain,"All selected recordings were marked as in the Public Domain
on Free Sound (url: https://www.freesound.org/).",CC BY 4.0: attribution,2026-09-08,yes,"https://www.openslr.org/resources/17/musan.tar.gz (public download, no account; place musan.tar.gz under archives/openslr_17_musan/)",aug
openslr_17_musan,openslr_17_musan/musan/noise/free-sound/noise-free-sound-0359,musan,SLR17,noise,public-domain,"All selected recordings were marked as in the Public Domain
on Free Sound (url: https://www.freesound.org/).",CC BY 4.0: attribution,2026-09-08,yes,"https://www.openslr.org/resources/17/musan.tar.gz (public download, no account; place musan.tar.gz under archives/openslr_17_musan/)",eval-noise
openslr_17_musan,openslr_17_musan/musan/noise/free-sound/noise-free-sound-0360,musan,SLR17,noise,public-domain,"All selected recordings were marked as in the Public Domain
on Free Sound (url: https://www.freesound.org/).",CC BY 4.0: attribution,2026-09-08,yes,"https://www.openslr.org/resources/17/musan.tar.gz (public download, no account; place musan.tar.gz under archives/openslr_17_musan/)",aug
openslr_17_musan,openslr_17_musan/musan/noise/free-sound/noise-free-sound-0361,musan,SLR17,noise,public-domain,"All selected recordings were marked as in the Public Domain
on Free Sound (url: https://www.freesound.org/).",CC BY 4.0: attribution,2026-09-08,yes,"https://www.openslr.org/resources/17/musan.tar.gz (public download, no account; place musan.tar.gz under archives/openslr_17_musan/)",aug
openslr_17_musan,openslr_17_musan/musan/noise/free-sound/noise-free-sound-0362,musan,SLR17,noise,public-domain,"All selected recordings were marked as in the Public Domain
on Free Sound (url: https://www.freesound.org/).",CC BY 4.0: attribution,2026-09-08,yes,"https://www.openslr.org/resources/17/musan.tar.gz (public download, no account; place musan.tar.gz under archives/openslr_17_musan/)",aug
openslr_17_musan,openslr_17_musan/musan/noise/free-sound/noise-free-sound-0363,musan,SLR17,noise,public-domain,"All selected recordings were marked as in the Public Domain
on Free Sound (url: https://www.freesound.org/).",CC BY 4.0: attribution,2026-09-08,yes,"https://www.openslr.org/resources/17/musan.tar.gz (public download, no account; place musan.tar.gz under archives/openslr_17_musan/)",aug
openslr_17_musan,openslr_17_musan/musan/noise/free-sound/noise-free-sound-0364,musan,SLR17,noise,public-domain,"All selected recordings were marked as in the Public Domain
on Free Sound (url: https://www.freesound.org/).",CC BY 4.0: attribution,2026-09-08,yes,"https://www.openslr.org/resources/17/musan.tar.gz (public download, no account; place musan.tar.gz under archives/openslr_17_musan/)",aug
openslr_17_musan,openslr_17_musan/musan/noise/free-sound/noise-free-sound-0365,musan,SLR17,noise,public-domain,"All selected recordings were marked as in the Public Domain
on Free Sound (url: https://www.freesound.org/).",CC BY 4.0: attribution,2026-09-08,yes,"https://www.openslr.org/resources/17/musan.tar.gz (public download, no account; place musan.tar.gz under archives/openslr_17_musan/)",aug
openslr_17_musan,openslr_17_musan/musan/noise/free-sound/noise-free-sound-0366,musan,SLR17,noise,public-domain,"All selected recordings were marked as in the Public Domain
on Free Sound (url: https://www.freesound.org/).",CC BY 4.0: attribution,2026-09-08,yes,"https://www.openslr.org/resources/17/musan.tar.gz (public download, no account; place musan.tar.gz under archives/openslr_17_musan/)",aug
openslr_17_musan,openslr_17_musan/musan/noise/free-sound/noise-free-sound-0367,musan,SLR17,noise,public-domain,"All selected recordings were marked as in the Public Domain
on Free Sound (url: https://www.freesound.org/).",CC BY 4.0: attribution,2026-09-08,yes,"https://www.openslr.org/resources/17/musan.tar.gz (public download, no account; place musan.tar.gz under archives/openslr_17_musan/)",aug
openslr_17_musan,openslr_17_musan/musan/noise/free-sound/noise-free-sound-0368,musan,SLR17,noise,public-domain,"All selected recordings were marked as in the Public Domain
on Free Sound (url: https://www.freesound.org/).",CC BY 4.0: attribution,2026-09-08,yes,"https://www.openslr.org/resources/17/musan.tar.gz (public download, no account; place musan.tar.gz under archives/openslr_17_musan/)",aug
openslr_17_musan,openslr_17_musan/musan/noise/free-sound/noise-free-sound-0369,musan,SLR17,noise,public-domain,"All selected recordings were marked as in the Public Domain
on Free Sound (url: https://www.freesound.org/).",CC BY 4.0: attribution,2026-09-08,yes,"https://www.openslr.org/resources/17/musan.tar.gz (public download, no account; place musan.tar.gz under archives/openslr_17_musan/)",aug
openslr_17_musan,openslr_17_musan/musan/noise/free-sound/noise-free-sound-0370,musan,SLR17,noise,public-domain,"All selected recordings were marked as in the Public Domain
on Free Sound (url: https://www.freesound.org/).",CC BY 4.0: attribution,2026-09-08,yes,"https://www.openslr.org/resources/17/musan.tar.gz (public download, no account; place musan.tar.gz under archives/openslr_17_musan/)",aug
openslr_17_musan,openslr_17_musan/musan/noise/free-sound/noise-free-sound-0371,musan,SLR17,noise,public-domain,"All selected recordings were marked as in the Public Domain
on Free Sound (url: https://www.freesound.org/).",CC BY 4.0: attribution,2026-09-08,yes,"https://www.openslr.org/resources/17/musan.tar.gz (public download, no account; place musan.tar.gz under archives/openslr_17_musan/)",eval-noise
openslr_17_musan,openslr_17_musan/musan/noise/free-sound/noise-free-sound-0372,musan,SLR17,noise,public-domain,"All selected recordings were marked as in the Public Domain
on Free Sound (url: https://www.freesound.org/).",CC BY 4.0: attribution,2026-09-08,yes,"https://www.openslr.org/resources/17/musan.tar.gz (public download, no account; place musan.tar.gz under archives/openslr_17_musan/)",aug
openslr_17_musan,openslr_17_musan/musan/noise/free-sound/noise-free-sound-0373,musan,SLR17,noise,public-domain,"All selected recordings were marked as in the Public Domain
on Free Sound (url: https://www.freesound.org/).",CC BY 4.0: attribution,2026-09-08,yes,"https://www.openslr.org/resources/17/musan.tar.gz (public download, no account; place musan.tar.gz under archives/openslr_17_musan/)",aug
openslr_17_musan,openslr_17_musan/musan/noise/free-sound/noise-free-sound-0374,musan,SLR17,noise,public-domain,"All selected recordings were marked as in the Public Domain
on Free Sound (url: https://www.freesound.org/).",CC BY 4.0: attribution,2026-09-08,yes,"https://www.openslr.org/resources/17/musan.tar.gz (public download, no account; place musan.tar.gz under archives/openslr_17_musan/)",aug
openslr_17_musan,openslr_17_musan/musan/noise/free-sound/noise-free-sound-0375,musan,SLR17,noise,public-domain,"All selected recordings were marked as in the Public Domain
on Free Sound (url: https://www.freesound.org/).",CC BY 4.0: attribution,2026-09-08,yes,"https://www.openslr.org/resources/17/musan.tar.gz (public download, no account; place musan.tar.gz under archives/openslr_17_musan/)",aug
openslr_17_musan,openslr_17_musan/musan/noise/free-sound/noise-free-sound-0376,musan,SLR17,noise,public-domain,"All selected recordings were marked as in the Public Domain
on Free Sound (url: https://www.freesound.org/).",CC BY 4.0: attribution,2026-09-08,yes,"https://www.openslr.org/resources/17/musan.tar.gz (public download, no account; place musan.tar.gz under archives/openslr_17_musan/)",aug
openslr_17_musan,openslr_17_musan/musan/noise/free-sound/noise-free-sound-0377,musan,SLR17,noise,public-domain,"All selected recordings were marked as in the Public Domain
on Free Sound (url: https://www.freesound.org/).",CC BY 4.0: attribution,2026-09-08,yes,"https://www.openslr.org/resources/17/musan.tar.gz (public download, no account; place musan.tar.gz under archives/openslr_17_musan/)",aug
openslr_17_musan,openslr_17_musan/musan/noise/free-sound/noise-free-sound-0378,musan,SLR17,noise,public-domain,"All selected recordings were marked as in the Public Domain
on Free Sound (url: https://www.freesound.org/).",CC BY 4.0: attribution,2026-09-08,yes,"https://www.openslr.org/resources/17/musan.tar.gz (public download, no account; place musan.tar.gz under archives/openslr_17_musan/)",aug
openslr_17_musan,openslr_17_musan/musan/noise/free-sound/noise-free-sound-0379,musan,SLR17,noise,public-domain,"All selected recordings were marked as in the Public Domain
on Free Sound (url: https://www.freesound.org/).",CC BY 4.0: attribution,2026-09-08,yes,"https://www.openslr.org/resources/17/musan.tar.gz (public download, no account; place musan.tar.gz under archives/openslr_17_musan/)",aug
openslr_17_musan,openslr_17_musan/musan/noise/free-sound/noise-free-sound-0380,musan,SLR17,noise,public-domain,"All selected recordings were marked as in the Public Domain
on Free Sound (url: https://www.freesound.org/).",CC BY 4.0: attribution,2026-09-08,yes,"https://www.openslr.org/resources/17/musan.tar.gz (public download, no account; place musan.tar.gz under archives/openslr_17_musan/)",aug
openslr_17_musan,openslr_17_musan/musan/noise/free-sound/noise-free-sound-0381,musan,SLR17,noise,public-domain,"All selected recordings were marked as in the Public Domain
on Free Sound (url: https://www.freesound.org/).",CC BY 4.0: attribution,2026-09-08,yes,"https://www.openslr.org/resources/17/musan.tar.gz (public download, no account; place musan.tar.gz under archives/openslr_17_musan/)",aug
openslr_17_musan,openslr_17_musan/musan/noise/free-sound/noise-free-sound-0382,musan,SLR17,noise,public-domain,"All selected recordings were marked as in the Public Domain
on Free Sound (url: https://www.freesound.org/).",CC BY 4.0: attribution,2026-09-08,yes,"https://www.openslr.org/resources/17/musan.tar.gz (public download, no account; place musan.tar.gz under archives/openslr_17_musan/)",aug
openslr_17_musan,openslr_17_musan/musan/noise/free-sound/noise-free-sound-0383,musan,SLR17,noise,public-domain,"All selected recordings were marked as in the Public Domain
on Free Sound (url: https://www.freesound.org/).",CC BY 4.0: attribution,2026-09-08,yes,"https://www.openslr.org/resources/17/musan.tar.gz (public download, no account; place musan.tar.gz under archives/openslr_17_musan/)",aug
openslr_17_musan,openslr_17_musan/musan/noise/free-sound/noise-free-sound-0384,musan,SLR17,noise,public-domain,"All selected recordings were marked as in the Public Domain
on Free Sound (url: https://www.freesound.org/).",CC BY 4.0: attribution,2026-09-08,yes,"https://www.openslr.org/resources/17/musan.tar.gz (public download, no account; place musan.tar.gz under archives/openslr_17_musan/)",aug
openslr_17_musan,openslr_17_musan/musan/noise/free-sound/noise-free-sound-0385,musan,SLR17,noise,public-domain,"All selected recordings were marked as in the Public Domain
on Free Sound (url: https://www.freesound.org/).",CC BY 4.0: attribution,2026-09-08,yes,"https://www.openslr.org/resources/17/musan.tar.gz (public download, no account; place musan.tar.gz under archives/openslr_17_musan/)",aug
openslr_17_musan,openslr_17_musan/musan/noise/free-sound/noise-free-sound-0386,musan,SLR17,noise,public-domain,"All selected recordings were marked as in the Public Domain
on Free Sound (url: https://www.freesound.org/).",CC BY 4.0: attribution,2026-09-08,yes,"https://www.openslr.org/resources/17/musan.tar.gz (public download, no account; place musan.tar.gz under archives/openslr_17_musan/)",aug
openslr_17_musan,openslr_17_musan/musan/noise/free-sound/noise-free-sound-0387,musan,SLR17,noise,public-domain,"All selected recordings were marked as in the Public Domain
on Free Sound (url: https://www.freesound.org/).",CC BY 4.0: attribution,2026-09-08,yes,"https://www.openslr.org/resources/17/musan.tar.gz (public download, no account; place musan.tar.gz under archives/openslr_17_musan/)",aug
openslr_17_musan,openslr_17_musan/musan/noise/free-sound/noise-free-sound-0388,musan,SLR17,noise,public-domain,"All selected recordings were marked as in the Public Domain
on Free Sound (url: https://www.freesound.org/).",CC BY 4.0: attribution,2026-09-08,yes,"https://www.openslr.org/resources/17/musan.tar.gz (public download, no account; place musan.tar.gz under archives/openslr_17_musan/)",aug
openslr_17_musan,openslr_17_musan/musan/noise/free-sound/noise-free-sound-0389,musan,SLR17,noise,public-domain,"All selected recordings were marked as in the Public Domain
on Free Sound (url: https://www.freesound.org/).",CC BY 4.0: attribution,2026-09-08,yes,"https://www.openslr.org/resources/17/musan.tar.gz (public download, no account; place musan.tar.gz under archives/openslr_17_musan/)",aug
openslr_17_musan,openslr_17_musan/musan/noise/free-sound/noise-free-sound-0390,musan,SLR17,noise,public-domain,"All selected recordings were marked as in the Public Domain
on Free Sound (url: https://www.freesound.org/).",CC BY 4.0: attribution,2026-09-08,yes,"https://www.openslr.org/resources/17/musan.tar.gz (public download, no account; place musan.tar.gz under archives/openslr_17_musan/)",aug
openslr_17_musan,openslr_17_musan/musan/noise/free-sound/noise-free-sound-0391,musan,SLR17,noise,public-domain,"All selected recordings were marked as in the Public Domain
on Free Sound (url: https://www.freesound.org/).",CC BY 4.0: attribution,2026-09-08,yes,"https://www.openslr.org/resources/17/musan.tar.gz (public download, no account; place musan.tar.gz under archives/openslr_17_musan/)",aug
openslr_17_musan,openslr_17_musan/musan/noise/free-sound/noise-free-sound-0392,musan,SLR17,noise,public-domain,"All selected recordings were marked as in the Public Domain
on Free Sound (url: https://www.freesound.org/).",CC BY 4.0: attribution,2026-09-08,yes,"https://www.openslr.org/resources/17/musan.tar.gz (public download, no account; place musan.tar.gz under archives/openslr_17_musan/)",aug
openslr_17_musan,openslr_17_musan/musan/noise/free-sound/noise-free-sound-0393,musan,SLR17,noise,public-domain,"All selected recordings were marked as in the Public Domain
on Free Sound (url: https://www.freesound.org/).",CC BY 4.0: attribution,2026-09-08,yes,"https://www.openslr.org/resources/17/musan.tar.gz (public download, no account; place musan.tar.gz under archives/openslr_17_musan/)",aug
openslr_17_musan,openslr_17_musan/musan/noise/free-sound/noise-free-sound-0394,musan,SLR17,noise,public-domain,"All selected recordings were marked as in the Public Domain
on Free Sound (url: https://www.freesound.org/).",CC BY 4.0: attribution,2026-09-08,yes,"https://www.openslr.org/resources/17/musan.tar.gz (public download, no account; place musan.tar.gz under archives/openslr_17_musan/)",aug
openslr_17_musan,openslr_17_musan/musan/noise/free-sound/noise-free-sound-0395,musan,SLR17,noise,public-domain,"All selected recordings were marked as in the Public Domain
on Free Sound (url: https://www.freesound.org/).",CC BY 4.0: attribution,2026-09-08,yes,"https://www.openslr.org/resources/17/musan.tar.gz (public download, no account; place musan.tar.gz under archives/openslr_17_musan/)",aug
openslr_17_musan,openslr_17_musan/musan/noise/free-sound/noise-free-sound-0396,musan,SLR17,noise,public-domain,"All selected recordings were marked as in the Public Domain
on Free Sound (url: https://www.freesound.org/).",CC BY 4.0: attribution,2026-09-08,yes,"https://www.openslr.org/resources/17/musan.tar.gz (public download, no account; place musan.tar.gz under archives/openslr_17_musan/)",aug
openslr_17_musan,openslr_17_musan/musan/noise/free-sound/noise-free-sound-0397,musan,SLR17,noise,public-domain,"All selected recordings were marked as in the Public Domain
on Free Sound (url: https://www.freesound.org/).",CC BY 4.0: attribution,2026-09-08,yes,"https://www.openslr.org/resources/17/musan.tar.gz (public download, no account; place musan.tar.gz under archives/openslr_17_musan/)",aug
openslr_17_musan,openslr_17_musan/musan/noise/free-sound/noise-free-sound-0398,musan,SLR17,noise,public-domain,"All selected recordings were marked as in the Public Domain
on Free Sound (url: https://www.freesound.org/).",CC BY 4.0: attribution,2026-09-08,yes,"https://www.openslr.org/resources/17/musan.tar.gz (public download, no account; place musan.tar.gz under archives/openslr_17_musan/)",aug
openslr_17_musan,openslr_17_musan/musan/noise/free-sound/noise-free-sound-0399,musan,SLR17,noise,public-domain,"All selected recordings were marked as in the Public Domain
on Free Sound (url: https://www.freesound.org/).",CC BY 4.0: attribution,2026-09-08,yes,"https://www.openslr.org/resources/17/musan.tar.gz (public download, no account; place musan.tar.gz under archives/openslr_17_musan/)",aug
openslr_17_musan,openslr_17_musan/musan/noise/free-sound/noise-free-sound-0400,musan,SLR17,noise,public-domain,"All selected recordings were marked as in the Public Domain
on Free Sound (url: https://www.freesound.org/).",CC BY 4.0: attribution,2026-09-08,yes,"https://www.openslr.org/resources/17/musan.tar.gz (public download, no account; place musan.tar.gz under archives/openslr_17_musan/)",aug
openslr_17_musan,openslr_17_musan/musan/noise/free-sound/noise-free-sound-0401,musan,SLR17,noise,public-domain,"All selected recordings were marked as in the Public Domain
on Free Sound (url: https://www.freesound.org/).",CC BY 4.0: attribution,2026-09-08,yes,"https://www.openslr.org/resources/17/musan.tar.gz (public download, no account; place musan.tar.gz under archives/openslr_17_musan/)",aug
openslr_17_musan,openslr_17_musan/musan/noise/free-sound/noise-free-sound-0402,musan,SLR17,noise,public-domain,"All selected recordings were marked as in the Public Domain
on Free Sound (url: https://www.freesound.org/).",CC BY 4.0: attribution,2026-09-08,yes,"https://www.openslr.org/resources/17/musan.tar.gz (public download, no account; place musan.tar.gz under archives/openslr_17_musan/)",aug
openslr_17_musan,openslr_17_musan/musan/noise/free-sound/noise-free-sound-0403,musan,SLR17,noise,public-domain,"All selected recordings were marked as in the Public Domain
on Free Sound (url: https://www.freesound.org/).",CC BY 4.0: attribution,2026-09-08,yes,"https://www.openslr.org/resources/17/musan.tar.gz (public download, no account; place musan.tar.gz under archives/openslr_17_musan/)",aug
openslr_17_musan,openslr_17_musan/musan/noise/free-sound/noise-free-sound-0404,musan,SLR17,noise,public-domain,"All selected recordings were marked as in the Public Domain
on Free Sound (url: https://www.freesound.org/).",CC BY 4.0: attribution,2026-09-08,yes,"https://www.openslr.org/resources/17/musan.tar.gz (public download, no account; place musan.tar.gz under archives/openslr_17_musan/)",aug
openslr_17_musan,openslr_17_musan/musan/noise/free-sound/noise-free-sound-0405,musan,SLR17,noise,public-domain,"All selected recordings were marked as in the Public Domain
on Free Sound (url: https://www.freesound.org/).",CC BY 4.0: attribution,2026-09-08,yes,"https://www.openslr.org/resources/17/musan.tar.gz (public download, no account; place musan.tar.gz under archives/openslr_17_musan/)",aug
openslr_17_musan,openslr_17_musan/musan/noise/free-sound/noise-free-sound-0406,musan,SLR17,noise,public-domain,"All selected recordings were marked as in the Public Domain
on Free Sound (url: https://www.freesound.org/).",CC BY 4.0: attribution,2026-09-08,yes,"https://www.openslr.org/resources/17/musan.tar.gz (public download, no account; place musan.tar.gz under archives/openslr_17_musan/)",aug
openslr_17_musan,openslr_17_musan/musan/noise/free-sound/noise-free-sound-0407,musan,SLR17,noise,public-domain,"All selected recordings were marked as in the Public Domain
on Free Sound (url: https://www.freesound.org/).",CC BY 4.0: attribution,2026-09-08,yes,"https://www.openslr.org/resources/17/musan.tar.gz (public download, no account; place musan.tar.gz under archives/openslr_17_musan/)",aug
openslr_17_musan,openslr_17_musan/musan/noise/free-sound/noise-free-sound-0408,musan,SLR17,noise,public-domain,"All selected recordings were marked as in the Public Domain
on Free Sound (url: https://www.freesound.org/).",CC BY 4.0: attribution,2026-09-08,yes,"https://www.openslr.org/resources/17/musan.tar.gz (public download, no account; place musan.tar.gz under archives/openslr_17_musan/)",aug
openslr_17_musan,openslr_17_musan/musan/noise/free-sound/noise-free-sound-0409,musan,SLR17,noise,public-domain,"All selected recordings were marked as in the Public Domain
on Free Sound (url: https://www.freesound.org/).",CC BY 4.0: attribution,2026-09-08,yes,"https://www.openslr.org/resources/17/musan.tar.gz (public download, no account; place musan.tar.gz under archives/openslr_17_musan/)",aug
openslr_17_musan,openslr_17_musan/musan/noise/free-sound/noise-free-sound-0410,musan,SLR17,noise,public-domain,"All selected recordings were marked as in the Public Domain
on Free Sound (url: https://www.freesound.org/).",CC BY 4.0: attribution,2026-09-08,yes,"https://www.openslr.org/resources/17/musan.tar.gz (public download, no account; place musan.tar.gz under archives/openslr_17_musan/)",aug
openslr_17_musan,openslr_17_musan/musan/noise/free-sound/noise-free-sound-0411,musan,SLR17,noise,public-domain,"All selected recordings were marked as in the Public Domain
on Free Sound (url: https://www.freesound.org/).",CC BY 4.0: attribution,2026-09-08,yes,"https://www.openslr.org/resources/17/musan.tar.gz (public download, no account; place musan.tar.gz under archives/openslr_17_musan/)",aug
openslr_17_musan,openslr_17_musan/musan/noise/free-sound/noise-free-sound-0412,musan,SLR17,noise,public-domain,"All selected recordings were marked as in the Public Domain
on Free Sound (url: https://www.freesound.org/).",CC BY 4.0: attribution,2026-09-08,yes,"https://www.openslr.org/resources/17/musan.tar.gz (public download, no account; place musan.tar.gz under archives/openslr_17_musan/)",aug
openslr_17_musan,openslr_17_musan/musan/noise/free-sound/noise-free-sound-0413,musan,SLR17,noise,public-domain,"All selected recordings were marked as in the Public Domain
on Free Sound (url: https://www.freesound.org/).",CC BY 4.0: attribution,2026-09-08,yes,"https://www.openslr.org/resources/17/musan.tar.gz (public download, no account; place musan.tar.gz under archives/openslr_17_musan/)",aug
openslr_17_musan,openslr_17_musan/musan/noise/free-sound/noise-free-sound-0414,musan,SLR17,noise,public-domain,"All selected recordings were marked as in the Public Domain
on Free Sound (url: https://www.freesound.org/).",CC BY 4.0: attribution,2026-09-08,yes,"https://www.openslr.org/resources/17/musan.tar.gz (public download, no account; place musan.tar.gz under archives/openslr_17_musan/)",aug
openslr_17_musan,openslr_17_musan/musan/noise/free-sound/noise-free-sound-0415,musan,SLR17,noise,public-domain,"All selected recordings were marked as in the Public Domain
on Free Sound (url: https://www.freesound.org/).",CC BY 4.0: attribution,2026-09-08,yes,"https://www.openslr.org/resources/17/musan.tar.gz (public download, no account; place musan.tar.gz under archives/openslr_17_musan/)",aug
openslr_17_musan,openslr_17_musan/musan/noise/free-sound/noise-free-sound-0416,musan,SLR17,noise,public-domain,"All selected recordings were marked as in the Public Domain
on Free Sound (url: https://www.freesound.org/).",CC BY 4.0: attribution,2026-09-08,yes,"https://www.openslr.org/resources/17/musan.tar.gz (public download, no account; place musan.tar.gz under archives/openslr_17_musan/)",aug
openslr_17_musan,openslr_17_musan/musan/noise/free-sound/noise-free-sound-0417,musan,SLR17,noise,public-domain,"All selected recordings were marked as in the Public Domain
on Free Sound (url: https://www.freesound.org/).",CC BY 4.0: attribution,2026-09-08,yes,"https://www.openslr.org/resources/17/musan.tar.gz (public download, no account; place musan.tar.gz under archives/openslr_17_musan/)",aug
openslr_17_musan,openslr_17_musan/musan/noise/free-sound/noise-free-sound-0418,musan,SLR17,noise,public-domain,"All selected recordings were marked as in the Public Domain
on Free Sound (url: https://www.freesound.org/).",CC BY 4.0: attribution,2026-09-08,yes,"https://www.openslr.org/resources/17/musan.tar.gz (public download, no account; place musan.tar.gz under archives/openslr_17_musan/)",aug
openslr_17_musan,openslr_17_musan/musan/noise/free-sound/noise-free-sound-0419,musan,SLR17,noise,public-domain,"All selected recordings were marked as in the Public Domain
on Free Sound (url: https://www.freesound.org/).",CC BY 4.0: attribution,2026-09-08,yes,"https://www.openslr.org/resources/17/musan.tar.gz (public download, no account; place musan.tar.gz under archives/openslr_17_musan/)",aug
openslr_17_musan,openslr_17_musan/musan/noise/free-sound/noise-free-sound-0420,musan,SLR17,noise,public-domain,"All selected recordings were marked as in the Public Domain
on Free Sound (url: https://www.freesound.org/).",CC BY 4.0: attribution,2026-09-08,yes,"https://www.openslr.org/resources/17/musan.tar.gz (public download, no account; place musan.tar.gz under archives/openslr_17_musan/)",aug
openslr_17_musan,openslr_17_musan/musan/noise/free-sound/noise-free-sound-0421,musan,SLR17,noise,public-domain,"All selected recordings were marked as in the Public Domain
on Free Sound (url: https://www.freesound.org/).",CC BY 4.0: attribution,2026-09-08,yes,"https://www.openslr.org/resources/17/musan.tar.gz (public download, no account; place musan.tar.gz under archives/openslr_17_musan/)",aug
openslr_17_musan,openslr_17_musan/musan/noise/free-sound/noise-free-sound-0422,musan,SLR17,noise,public-domain,"All selected recordings were marked as in the Public Domain
on Free Sound (url: https://www.freesound.org/).",CC BY 4.0: attribution,2026-09-08,yes,"https://www.openslr.org/resources/17/musan.tar.gz (public download, no account; place musan.tar.gz under archives/openslr_17_musan/)",aug
openslr_17_musan,openslr_17_musan/musan/noise/free-sound/noise-free-sound-0423,musan,SLR17,noise,public-domain,"All selected recordings were marked as in the Public Domain
on Free Sound (url: https://www.freesound.org/).",CC BY 4.0: attribution,2026-09-08,yes,"https://www.openslr.org/resources/17/musan.tar.gz (public download, no account; place musan.tar.gz under archives/openslr_17_musan/)",eval-noise
openslr_17_musan,openslr_17_musan/musan/noise/free-sound/noise-free-sound-0424,musan,SLR17,noise,public-domain,"All selected recordings were marked as in the Public Domain
on Free Sound (url: https://www.freesound.org/).",CC BY 4.0: attribution,2026-09-08,yes,"https://www.openslr.org/resources/17/musan.tar.gz (public download, no account; place musan.tar.gz under archives/openslr_17_musan/)",aug
openslr_17_musan,openslr_17_musan/musan/noise/free-sound/noise-free-sound-0425,musan,SLR17,noise,public-domain,"All selected recordings were marked as in the Public Domain
on Free Sound (url: https://www.freesound.org/).",CC BY 4.0: attribution,2026-09-08,yes,"https://www.openslr.org/resources/17/musan.tar.gz (public download, no account; place musan.tar.gz under archives/openslr_17_musan/)",aug
openslr_17_musan,openslr_17_musan/musan/noise/free-sound/noise-free-sound-0426,musan,SLR17,noise,public-domain,"All selected recordings were marked as in the Public Domain
on Free Sound (url: https://www.freesound.org/).",CC BY 4.0: attribution,2026-09-08,yes,"https://www.openslr.org/resources/17/musan.tar.gz (public download, no account; place musan.tar.gz under archives/openslr_17_musan/)",aug
openslr_17_musan,openslr_17_musan/musan/noise/free-sound/noise-free-sound-0427,musan,SLR17,noise,public-domain,"All selected recordings were marked as in the Public Domain
on Free Sound (url: https://www.freesound.org/).",CC BY 4.0: attribution,2026-09-08,yes,"https://www.openslr.org/resources/17/musan.tar.gz (public download, no account; place musan.tar.gz under archives/openslr_17_musan/)",aug
openslr_17_musan,openslr_17_musan/musan/noise/free-sound/noise-free-sound-0428,musan,SLR17,noise,public-domain,"All selected recordings were marked as in the Public Domain
on Free Sound (url: https://www.freesound.org/).",CC BY 4.0: attribution,2026-09-08,yes,"https://www.openslr.org/resources/17/musan.tar.gz (public download, no account; place musan.tar.gz under archives/openslr_17_musan/)",aug
openslr_17_musan,openslr_17_musan/musan/noise/free-sound/noise-free-sound-0429,musan,SLR17,noise,public-domain,"All selected recordings were marked as in the Public Domain
on Free Sound (url: https://www.freesound.org/).",CC BY 4.0: attribution,2026-09-08,yes,"https://www.openslr.org/resources/17/musan.tar.gz (public download, no account; place musan.tar.gz under archives/openslr_17_musan/)",aug
openslr_17_musan,openslr_17_musan/musan/noise/free-sound/noise-free-sound-0430,musan,SLR17,noise,public-domain,"All selected recordings were marked as in the Public Domain
on Free Sound (url: https://www.freesound.org/).",CC BY 4.0: attribution,2026-09-08,yes,"https://www.openslr.org/resources/17/musan.tar.gz (public download, no account; place musan.tar.gz under archives/openslr_17_musan/)",aug
openslr_17_musan,openslr_17_musan/musan/noise/free-sound/noise-free-sound-0431,musan,SLR17,noise,public-domain,"All selected recordings were marked as in the Public Domain
on Free Sound (url: https://www.freesound.org/).",CC BY 4.0: attribution,2026-09-08,yes,"https://www.openslr.org/resources/17/musan.tar.gz (public download, no account; place musan.tar.gz under archives/openslr_17_musan/)",aug
openslr_17_musan,openslr_17_musan/musan/noise/free-sound/noise-free-sound-0432,musan,SLR17,noise,public-domain,"All selected recordings were marked as in the Public Domain
on Free Sound (url: https://www.freesound.org/).",CC BY 4.0: attribution,2026-09-08,yes,"https://www.openslr.org/resources/17/musan.tar.gz (public download, no account; place musan.tar.gz under archives/openslr_17_musan/)",aug
openslr_17_musan,openslr_17_musan/musan/noise/free-sound/noise-free-sound-0433,musan,SLR17,noise,public-domain,"All selected recordings were marked as in the Public Domain
on Free Sound (url: https://www.freesound.org/).",CC BY 4.0: attribution,2026-09-08,yes,"https://www.openslr.org/resources/17/musan.tar.gz (public download, no account; place musan.tar.gz under archives/openslr_17_musan/)",aug
openslr_17_musan,openslr_17_musan/musan/noise/free-sound/noise-free-sound-0434,musan,SLR17,noise,public-domain,"All selected recordings were marked as in the Public Domain
on Free Sound (url: https://www.freesound.org/).",CC BY 4.0: attribution,2026-09-08,yes,"https://www.openslr.org/resources/17/musan.tar.gz (public download, no account; place musan.tar.gz under archives/openslr_17_musan/)",eval-noise
openslr_17_musan,openslr_17_musan/musan/noise/free-sound/noise-free-sound-0435,musan,SLR17,noise,public-domain,"All selected recordings were marked as in the Public Domain
on Free Sound (url: https://www.freesound.org/).",CC BY 4.0: attribution,2026-09-08,yes,"https://www.openslr.org/resources/17/musan.tar.gz (public download, no account; place musan.tar.gz under archives/openslr_17_musan/)",aug
openslr_17_musan,openslr_17_musan/musan/noise/free-sound/noise-free-sound-0436,musan,SLR17,noise,public-domain,"All selected recordings were marked as in the Public Domain
on Free Sound (url: https://www.freesound.org/).",CC BY 4.0: attribution,2026-09-08,yes,"https://www.openslr.org/resources/17/musan.tar.gz (public download, no account; place musan.tar.gz under archives/openslr_17_musan/)",aug
openslr_17_musan,openslr_17_musan/musan/noise/free-sound/noise-free-sound-0437,musan,SLR17,noise,public-domain,"All selected recordings were marked as in the Public Domain
on Free Sound (url: https://www.freesound.org/).",CC BY 4.0: attribution,2026-09-08,yes,"https://www.openslr.org/resources/17/musan.tar.gz (public download, no account; place musan.tar.gz under archives/openslr_17_musan/)",aug
openslr_17_musan,openslr_17_musan/musan/noise/free-sound/noise-free-sound-0438,musan,SLR17,noise,public-domain,"All selected recordings were marked as in the Public Domain
on Free Sound (url: https://www.freesound.org/).",CC BY 4.0: attribution,2026-09-08,yes,"https://www.openslr.org/resources/17/musan.tar.gz (public download, no account; place musan.tar.gz under archives/openslr_17_musan/)",aug
openslr_17_musan,openslr_17_musan/musan/noise/free-sound/noise-free-sound-0439,musan,SLR17,noise,public-domain,"All selected recordings were marked as in the Public Domain
on Free Sound (url: https://www.freesound.org/).",CC BY 4.0: attribution,2026-09-08,yes,"https://www.openslr.org/resources/17/musan.tar.gz (public download, no account; place musan.tar.gz under archives/openslr_17_musan/)",aug
openslr_17_musan,openslr_17_musan/musan/noise/free-sound/noise-free-sound-0440,musan,SLR17,noise,public-domain,"All selected recordings were marked as in the Public Domain
on Free Sound (url: https://www.freesound.org/).",CC BY 4.0: attribution,2026-09-08,yes,"https://www.openslr.org/resources/17/musan.tar.gz (public download, no account; place musan.tar.gz under archives/openslr_17_musan/)",aug
openslr_17_musan,openslr_17_musan/musan/noise/free-sound/noise-free-sound-0441,musan,SLR17,noise,public-domain,"All selected recordings were marked as in the Public Domain
on Free Sound (url: https://www.freesound.org/).",CC BY 4.0: attribution,2026-09-08,yes,"https://www.openslr.org/resources/17/musan.tar.gz (public download, no account; place musan.tar.gz under archives/openslr_17_musan/)",aug
openslr_17_musan,openslr_17_musan/musan/noise/free-sound/noise-free-sound-0442,musan,SLR17,noise,public-domain,"All selected recordings were marked as in the Public Domain
on Free Sound (url: https://www.freesound.org/).",CC BY 4.0: attribution,2026-09-08,yes,"https://www.openslr.org/resources/17/musan.tar.gz (public download, no account; place musan.tar.gz under archives/openslr_17_musan/)",aug
openslr_17_musan,openslr_17_musan/musan/noise/free-sound/noise-free-sound-0443,musan,SLR17,noise,public-domain,"All selected recordings were marked as in the Public Domain
on Free Sound (url: https://www.freesound.org/).",CC BY 4.0: attribution,2026-09-08,yes,"https://www.openslr.org/resources/17/musan.tar.gz (public download, no account; place musan.tar.gz under archives/openslr_17_musan/)",eval-noise
openslr_17_musan,openslr_17_musan/musan/noise/free-sound/noise-free-sound-0444,musan,SLR17,noise,public-domain,"All selected recordings were marked as in the Public Domain
on Free Sound (url: https://www.freesound.org/).",CC BY 4.0: attribution,2026-09-08,yes,"https://www.openslr.org/resources/17/musan.tar.gz (public download, no account; place musan.tar.gz under archives/openslr_17_musan/)",aug
openslr_17_musan,openslr_17_musan/musan/noise/free-sound/noise-free-sound-0445,musan,SLR17,noise,public-domain,"All selected recordings were marked as in the Public Domain
on Free Sound (url: https://www.freesound.org/).",CC BY 4.0: attribution,2026-09-08,yes,"https://www.openslr.org/resources/17/musan.tar.gz (public download, no account; place musan.tar.gz under archives/openslr_17_musan/)",aug
openslr_17_musan,openslr_17_musan/musan/noise/free-sound/noise-free-sound-0446,musan,SLR17,noise,public-domain,"All selected recordings were marked as in the Public Domain
on Free Sound (url: https://www.freesound.org/).",CC BY 4.0: attribution,2026-09-08,yes,"https://www.openslr.org/resources/17/musan.tar.gz (public download, no account; place musan.tar.gz under archives/openslr_17_musan/)",aug
openslr_17_musan,openslr_17_musan/musan/noise/free-sound/noise-free-sound-0447,musan,SLR17,noise,public-domain,"All selected recordings were marked as in the Public Domain
on Free Sound (url: https://www.freesound.org/).",CC BY 4.0: attribution,2026-09-08,yes,"https://www.openslr.org/resources/17/musan.tar.gz (public download, no account; place musan.tar.gz under archives/openslr_17_musan/)",eval-noise
openslr_17_musan,openslr_17_musan/musan/noise/free-sound/noise-free-sound-0448,musan,SLR17,noise,public-domain,"All selected recordings were marked as in the Public Domain
on Free Sound (url: https://www.freesound.org/).",CC BY 4.0: attribution,2026-09-08,yes,"https://www.openslr.org/resources/17/musan.tar.gz (public download, no account; place musan.tar.gz under archives/openslr_17_musan/)",aug
openslr_17_musan,openslr_17_musan/musan/noise/free-sound/noise-free-sound-0449,musan,SLR17,noise,public-domain,"All selected recordings were marked as in the Public Domain
on Free Sound (url: https://www.freesound.org/).",CC BY 4.0: attribution,2026-09-08,yes,"https://www.openslr.org/resources/17/musan.tar.gz (public download, no account; place musan.tar.gz under archives/openslr_17_musan/)",aug
openslr_17_musan,openslr_17_musan/musan/noise/free-sound/noise-free-sound-0450,musan,SLR17,noise,public-domain,"All selected recordings were marked as in the Public Domain
on Free Sound (url: https://www.freesound.org/).",CC BY 4.0: attribution,2026-09-08,yes,"https://www.openslr.org/resources/17/musan.tar.gz (public download, no account; place musan.tar.gz under archives/openslr_17_musan/)",aug
openslr_17_musan,openslr_17_musan/musan/noise/free-sound/noise-free-sound-0451,musan,SLR17,noise,public-domain,"All selected recordings were marked as in the Public Domain
on Free Sound (url: https://www.freesound.org/).",CC BY 4.0: attribution,2026-09-08,yes,"https://www.openslr.org/resources/17/musan.tar.gz (public download, no account; place musan.tar.gz under archives/openslr_17_musan/)",aug
openslr_17_musan,openslr_17_musan/musan/noise/free-sound/noise-free-sound-0452,musan,SLR17,noise,public-domain,"All selected recordings were marked as in the Public Domain
on Free Sound (url: https://www.freesound.org/).",CC BY 4.0: attribution,2026-09-08,yes,"https://www.openslr.org/resources/17/musan.tar.gz (public download, no account; place musan.tar.gz under archives/openslr_17_musan/)",aug
openslr_17_musan,openslr_17_musan/musan/noise/free-sound/noise-free-sound-0453,musan,SLR17,noise,public-domain,"All selected recordings were marked as in the Public Domain
on Free Sound (url: https://www.freesound.org/).",CC BY 4.0: attribution,2026-09-08,yes,"https://www.openslr.org/resources/17/musan.tar.gz (public download, no account; place musan.tar.gz under archives/openslr_17_musan/)",aug
openslr_17_musan,openslr_17_musan/musan/noise/free-sound/noise-free-sound-0454,musan,SLR17,noise,public-domain,"All selected recordings were marked as in the Public Domain
on Free Sound (url: https://www.freesound.org/).",CC BY 4.0: attribution,2026-09-08,yes,"https://www.openslr.org/resources/17/musan.tar.gz (public download, no account; place musan.tar.gz under archives/openslr_17_musan/)",aug
openslr_17_musan,openslr_17_musan/musan/noise/free-sound/noise-free-sound-0455,musan,SLR17,noise,public-domain,"All selected recordings were marked as in the Public Domain
on Free Sound (url: https://www.freesound.org/).",CC BY 4.0: attribution,2026-09-08,yes,"https://www.openslr.org/resources/17/musan.tar.gz (public download, no account; place musan.tar.gz under archives/openslr_17_musan/)",aug
openslr_17_musan,openslr_17_musan/musan/noise/free-sound/noise-free-sound-0456,musan,SLR17,noise,public-domain,"All selected recordings were marked as in the Public Domain
on Free Sound (url: https://www.freesound.org/).",CC BY 4.0: attribution,2026-09-08,yes,"https://www.openslr.org/resources/17/musan.tar.gz (public download, no account; place musan.tar.gz under archives/openslr_17_musan/)",aug
openslr_17_musan,openslr_17_musan/musan/noise/free-sound/noise-free-sound-0457,musan,SLR17,noise,public-domain,"All selected recordings were marked as in the Public Domain
on Free Sound (url: https://www.freesound.org/).",CC BY 4.0: attribution,2026-09-08,yes,"https://www.openslr.org/resources/17/musan.tar.gz (public download, no account; place musan.tar.gz under archives/openslr_17_musan/)",eval-noise
openslr_17_musan,openslr_17_musan/musan/noise/free-sound/noise-free-sound-0458,musan,SLR17,noise,public-domain,"All selected recordings were marked as in the Public Domain
on Free Sound (url: https://www.freesound.org/).",CC BY 4.0: attribution,2026-09-08,yes,"https://www.openslr.org/resources/17/musan.tar.gz (public download, no account; place musan.tar.gz under archives/openslr_17_musan/)",eval-noise
openslr_17_musan,openslr_17_musan/musan/noise/free-sound/noise-free-sound-0459,musan,SLR17,noise,public-domain,"All selected recordings were marked as in the Public Domain
on Free Sound (url: https://www.freesound.org/).",CC BY 4.0: attribution,2026-09-08,yes,"https://www.openslr.org/resources/17/musan.tar.gz (public download, no account; place musan.tar.gz under archives/openslr_17_musan/)",eval-noise
openslr_17_musan,openslr_17_musan/musan/noise/free-sound/noise-free-sound-0460,musan,SLR17,noise,public-domain,"All selected recordings were marked as in the Public Domain
on Free Sound (url: https://www.freesound.org/).",CC BY 4.0: attribution,2026-09-08,yes,"https://www.openslr.org/resources/17/musan.tar.gz (public download, no account; place musan.tar.gz under archives/openslr_17_musan/)",aug
openslr_17_musan,openslr_17_musan/musan/noise/free-sound/noise-free-sound-0461,musan,SLR17,noise,public-domain,"All selected recordings were marked as in the Public Domain
on Free Sound (url: https://www.freesound.org/).",CC BY 4.0: attribution,2026-09-08,yes,"https://www.openslr.org/resources/17/musan.tar.gz (public download, no account; place musan.tar.gz under archives/openslr_17_musan/)",aug
openslr_17_musan,openslr_17_musan/musan/noise/free-sound/noise-free-sound-0462,musan,SLR17,noise,public-domain,"All selected recordings were marked as in the Public Domain
on Free Sound (url: https://www.freesound.org/).",CC BY 4.0: attribution,2026-09-08,yes,"https://www.openslr.org/resources/17/musan.tar.gz (public download, no account; place musan.tar.gz under archives/openslr_17_musan/)",aug
openslr_17_musan,openslr_17_musan/musan/noise/free-sound/noise-free-sound-0463,musan,SLR17,noise,public-domain,"All selected recordings were marked as in the Public Domain
on Free Sound (url: https://www.freesound.org/).",CC BY 4.0: attribution,2026-09-08,yes,"https://www.openslr.org/resources/17/musan.tar.gz (public download, no account; place musan.tar.gz under archives/openslr_17_musan/)",aug
openslr_17_musan,openslr_17_musan/musan/noise/free-sound/noise-free-sound-0464,musan,SLR17,noise,public-domain,"All selected recordings were marked as in the Public Domain
on Free Sound (url: https://www.freesound.org/).",CC BY 4.0: attribution,2026-09-08,yes,"https://www.openslr.org/resources/17/musan.tar.gz (public download, no account; place musan.tar.gz under archives/openslr_17_musan/)",aug
openslr_17_musan,openslr_17_musan/musan/noise/free-sound/noise-free-sound-0465,musan,SLR17,noise,public-domain,"All selected recordings were marked as in the Public Domain
on Free Sound (url: https://www.freesound.org/).",CC BY 4.0: attribution,2026-09-08,yes,"https://www.openslr.org/resources/17/musan.tar.gz (public download, no account; place musan.tar.gz under archives/openslr_17_musan/)",aug
openslr_17_musan,openslr_17_musan/musan/noise/free-sound/noise-free-sound-0466,musan,SLR17,noise,public-domain,"All selected recordings were marked as in the Public Domain
on Free Sound (url: https://www.freesound.org/).",CC BY 4.0: attribution,2026-09-08,yes,"https://www.openslr.org/resources/17/musan.tar.gz (public download, no account; place musan.tar.gz under archives/openslr_17_musan/)",aug
openslr_17_musan,openslr_17_musan/musan/noise/free-sound/noise-free-sound-0467,musan,SLR17,noise,public-domain,"All selected recordings were marked as in the Public Domain
on Free Sound (url: https://www.freesound.org/).",CC BY 4.0: attribution,2026-09-08,yes,"https://www.openslr.org/resources/17/musan.tar.gz (public download, no account; place musan.tar.gz under archives/openslr_17_musan/)",aug
openslr_17_musan,openslr_17_musan/musan/noise/free-sound/noise-free-sound-0468,musan,SLR17,noise,public-domain,"All selected recordings were marked as in the Public Domain
on Free Sound (url: https://www.freesound.org/).",CC BY 4.0: attribution,2026-09-08,yes,"https://www.openslr.org/resources/17/musan.tar.gz (public download, no account; place musan.tar.gz under archives/openslr_17_musan/)",aug
openslr_17_musan,openslr_17_musan/musan/noise/free-sound/noise-free-sound-0469,musan,SLR17,noise,public-domain,"All selected recordings were marked as in the Public Domain
on Free Sound (url: https://www.freesound.org/).",CC BY 4.0: attribution,2026-09-08,yes,"https://www.openslr.org/resources/17/musan.tar.gz (public download, no account; place musan.tar.gz under archives/openslr_17_musan/)",aug
openslr_17_musan,openslr_17_musan/musan/noise/free-sound/noise-free-sound-0470,musan,SLR17,noise,public-domain,"All selected recordings were marked as in the Public Domain
on Free Sound (url: https://www.freesound.org/).",CC BY 4.0: attribution,2026-09-08,yes,"https://www.openslr.org/resources/17/musan.tar.gz (public download, no account; place musan.tar.gz under archives/openslr_17_musan/)",aug
openslr_17_musan,openslr_17_musan/musan/noise/free-sound/noise-free-sound-0471,musan,SLR17,noise,public-domain,"All selected recordings were marked as in the Public Domain
on Free Sound (url: https://www.freesound.org/).",CC BY 4.0: attribution,2026-09-08,yes,"https://www.openslr.org/resources/17/musan.tar.gz (public download, no account; place musan.tar.gz under archives/openslr_17_musan/)",aug
openslr_17_musan,openslr_17_musan/musan/noise/free-sound/noise-free-sound-0472,musan,SLR17,noise,public-domain,"All selected recordings were marked as in the Public Domain
on Free Sound (url: https://www.freesound.org/).",CC BY 4.0: attribution,2026-09-08,yes,"https://www.openslr.org/resources/17/musan.tar.gz (public download, no account; place musan.tar.gz under archives/openslr_17_musan/)",aug
openslr_17_musan,openslr_17_musan/musan/noise/free-sound/noise-free-sound-0473,musan,SLR17,noise,public-domain,"All selected recordings were marked as in the Public Domain
on Free Sound (url: https://www.freesound.org/).",CC BY 4.0: attribution,2026-09-08,yes,"https://www.openslr.org/resources/17/musan.tar.gz (public download, no account; place musan.tar.gz under archives/openslr_17_musan/)",aug
openslr_17_musan,openslr_17_musan/musan/noise/free-sound/noise-free-sound-0474,musan,SLR17,noise,public-domain,"All selected recordings were marked as in the Public Domain
on Free Sound (url: https://www.freesound.org/).",CC BY 4.0: attribution,2026-09-08,yes,"https://www.openslr.org/resources/17/musan.tar.gz (public download, no account; place musan.tar.gz under archives/openslr_17_musan/)",aug
openslr_17_musan,openslr_17_musan/musan/noise/free-sound/noise-free-sound-0475,musan,SLR17,noise,public-domain,"All selected recordings were marked as in the Public Domain
on Free Sound (url: https://www.freesound.org/).",CC BY 4.0: attribution,2026-09-08,yes,"https://www.openslr.org/resources/17/musan.tar.gz (public download, no account; place musan.tar.gz under archives/openslr_17_musan/)",aug
openslr_17_musan,openslr_17_musan/musan/noise/free-sound/noise-free-sound-0476,musan,SLR17,noise,public-domain,"All selected recordings were marked as in the Public Domain
on Free Sound (url: https://www.freesound.org/).",CC BY 4.0: attribution,2026-09-08,yes,"https://www.openslr.org/resources/17/musan.tar.gz (public download, no account; place musan.tar.gz under archives/openslr_17_musan/)",eval-noise
openslr_17_musan,openslr_17_musan/musan/noise/free-sound/noise-free-sound-0477,musan,SLR17,noise,public-domain,"All selected recordings were marked as in the Public Domain
on Free Sound (url: https://www.freesound.org/).",CC BY 4.0: attribution,2026-09-08,yes,"https://www.openslr.org/resources/17/musan.tar.gz (public download, no account; place musan.tar.gz under archives/openslr_17_musan/)",aug
openslr_17_musan,openslr_17_musan/musan/noise/free-sound/noise-free-sound-0478,musan,SLR17,noise,public-domain,"All selected recordings were marked as in the Public Domain
on Free Sound (url: https://www.freesound.org/).",CC BY 4.0: attribution,2026-09-08,yes,"https://www.openslr.org/resources/17/musan.tar.gz (public download, no account; place musan.tar.gz under archives/openslr_17_musan/)",eval-noise
openslr_17_musan,openslr_17_musan/musan/noise/free-sound/noise-free-sound-0479,musan,SLR17,noise,public-domain,"All selected recordings were marked as in the Public Domain
on Free Sound (url: https://www.freesound.org/).",CC BY 4.0: attribution,2026-09-08,yes,"https://www.openslr.org/resources/17/musan.tar.gz (public download, no account; place musan.tar.gz under archives/openslr_17_musan/)",aug
openslr_17_musan,openslr_17_musan/musan/noise/free-sound/noise-free-sound-0480,musan,SLR17,noise,public-domain,"All selected recordings were marked as in the Public Domain
on Free Sound (url: https://www.freesound.org/).",CC BY 4.0: attribution,2026-09-08,yes,"https://www.openslr.org/resources/17/musan.tar.gz (public download, no account; place musan.tar.gz under archives/openslr_17_musan/)",aug
openslr_17_musan,openslr_17_musan/musan/noise/free-sound/noise-free-sound-0481,musan,SLR17,noise,public-domain,"All selected recordings were marked as in the Public Domain
on Free Sound (url: https://www.freesound.org/).",CC BY 4.0: attribution,2026-09-08,yes,"https://www.openslr.org/resources/17/musan.tar.gz (public download, no account; place musan.tar.gz under archives/openslr_17_musan/)",aug
openslr_17_musan,openslr_17_musan/musan/noise/free-sound/noise-free-sound-0482,musan,SLR17,noise,public-domain,"All selected recordings were marked as in the Public Domain
on Free Sound (url: https://www.freesound.org/).",CC BY 4.0: attribution,2026-09-08,yes,"https://www.openslr.org/resources/17/musan.tar.gz (public download, no account; place musan.tar.gz under archives/openslr_17_musan/)",aug
openslr_17_musan,openslr_17_musan/musan/noise/free-sound/noise-free-sound-0483,musan,SLR17,noise,public-domain,"All selected recordings were marked as in the Public Domain
on Free Sound (url: https://www.freesound.org/).",CC BY 4.0: attribution,2026-09-08,yes,"https://www.openslr.org/resources/17/musan.tar.gz (public download, no account; place musan.tar.gz under archives/openslr_17_musan/)",aug
openslr_17_musan,openslr_17_musan/musan/noise/free-sound/noise-free-sound-0484,musan,SLR17,noise,public-domain,"All selected recordings were marked as in the Public Domain
on Free Sound (url: https://www.freesound.org/).",CC BY 4.0: attribution,2026-09-08,yes,"https://www.openslr.org/resources/17/musan.tar.gz (public download, no account; place musan.tar.gz under archives/openslr_17_musan/)",aug
openslr_17_musan,openslr_17_musan/musan/noise/free-sound/noise-free-sound-0485,musan,SLR17,noise,public-domain,"All selected recordings were marked as in the Public Domain
on Free Sound (url: https://www.freesound.org/).",CC BY 4.0: attribution,2026-09-08,yes,"https://www.openslr.org/resources/17/musan.tar.gz (public download, no account; place musan.tar.gz under archives/openslr_17_musan/)",aug
openslr_17_musan,openslr_17_musan/musan/noise/free-sound/noise-free-sound-0486,musan,SLR17,noise,public-domain,"All selected recordings were marked as in the Public Domain
on Free Sound (url: https://www.freesound.org/).",CC BY 4.0: attribution,2026-09-08,yes,"https://www.openslr.org/resources/17/musan.tar.gz (public download, no account; place musan.tar.gz under archives/openslr_17_musan/)",eval-noise
openslr_17_musan,openslr_17_musan/musan/noise/free-sound/noise-free-sound-0487,musan,SLR17,noise,public-domain,"All selected recordings were marked as in the Public Domain
on Free Sound (url: https://www.freesound.org/).",CC BY 4.0: attribution,2026-09-08,yes,"https://www.openslr.org/resources/17/musan.tar.gz (public download, no account; place musan.tar.gz under archives/openslr_17_musan/)",aug
openslr_17_musan,openslr_17_musan/musan/noise/free-sound/noise-free-sound-0488,musan,SLR17,noise,public-domain,"All selected recordings were marked as in the Public Domain
on Free Sound (url: https://www.freesound.org/).",CC BY 4.0: attribution,2026-09-08,yes,"https://www.openslr.org/resources/17/musan.tar.gz (public download, no account; place musan.tar.gz under archives/openslr_17_musan/)",aug
openslr_17_musan,openslr_17_musan/musan/noise/free-sound/noise-free-sound-0489,musan,SLR17,noise,public-domain,"All selected recordings were marked as in the Public Domain
on Free Sound (url: https://www.freesound.org/).",CC BY 4.0: attribution,2026-09-08,yes,"https://www.openslr.org/resources/17/musan.tar.gz (public download, no account; place musan.tar.gz under archives/openslr_17_musan/)",aug
openslr_17_musan,openslr_17_musan/musan/noise/free-sound/noise-free-sound-0490,musan,SLR17,noise,public-domain,"All selected recordings were marked as in the Public Domain
on Free Sound (url: https://www.freesound.org/).",CC BY 4.0: attribution,2026-09-08,yes,"https://www.openslr.org/resources/17/musan.tar.gz (public download, no account; place musan.tar.gz under archives/openslr_17_musan/)",aug
openslr_17_musan,openslr_17_musan/musan/noise/free-sound/noise-free-sound-0491,musan,SLR17,noise,public-domain,"All selected recordings were marked as in the Public Domain
on Free Sound (url: https://www.freesound.org/).",CC BY 4.0: attribution,2026-09-08,yes,"https://www.openslr.org/resources/17/musan.tar.gz (public download, no account; place musan.tar.gz under archives/openslr_17_musan/)",aug
openslr_17_musan,openslr_17_musan/musan/noise/free-sound/noise-free-sound-0492,musan,SLR17,noise,public-domain,"All selected recordings were marked as in the Public Domain
on Free Sound (url: https://www.freesound.org/).",CC BY 4.0: attribution,2026-09-08,yes,"https://www.openslr.org/resources/17/musan.tar.gz (public download, no account; place musan.tar.gz under archives/openslr_17_musan/)",aug
openslr_17_musan,openslr_17_musan/musan/noise/free-sound/noise-free-sound-0493,musan,SLR17,noise,public-domain,"All selected recordings were marked as in the Public Domain
on Free Sound (url: https://www.freesound.org/).",CC BY 4.0: attribution,2026-09-08,yes,"https://www.openslr.org/resources/17/musan.tar.gz (public download, no account; place musan.tar.gz under archives/openslr_17_musan/)",aug
openslr_17_musan,openslr_17_musan/musan/noise/free-sound/noise-free-sound-0494,musan,SLR17,noise,public-domain,"All selected recordings were marked as in the Public Domain
on Free Sound (url: https://www.freesound.org/).",CC BY 4.0: attribution,2026-09-08,yes,"https://www.openslr.org/resources/17/musan.tar.gz (public download, no account; place musan.tar.gz under archives/openslr_17_musan/)",aug
openslr_17_musan,openslr_17_musan/musan/noise/free-sound/noise-free-sound-0495,musan,SLR17,noise,public-domain,"All selected recordings were marked as in the Public Domain
on Free Sound (url: https://www.freesound.org/).",CC BY 4.0: attribution,2026-09-08,yes,"https://www.openslr.org/resources/17/musan.tar.gz (public download, no account; place musan.tar.gz under archives/openslr_17_musan/)",aug
openslr_17_musan,openslr_17_musan/musan/noise/free-sound/noise-free-sound-0496,musan,SLR17,noise,public-domain,"All selected recordings were marked as in the Public Domain
on Free Sound (url: https://www.freesound.org/).",CC BY 4.0: attribution,2026-09-08,yes,"https://www.openslr.org/resources/17/musan.tar.gz (public download, no account; place musan.tar.gz under archives/openslr_17_musan/)",aug
openslr_17_musan,openslr_17_musan/musan/noise/free-sound/noise-free-sound-0497,musan,SLR17,noise,public-domain,"All selected recordings were marked as in the Public Domain
on Free Sound (url: https://www.freesound.org/).",CC BY 4.0: attribution,2026-09-08,yes,"https://www.openslr.org/resources/17/musan.tar.gz (public download, no account; place musan.tar.gz under archives/openslr_17_musan/)",aug
openslr_17_musan,openslr_17_musan/musan/noise/free-sound/noise-free-sound-0498,musan,SLR17,noise,public-domain,"All selected recordings were marked as in the Public Domain
on Free Sound (url: https://www.freesound.org/).",CC BY 4.0: attribution,2026-09-08,yes,"https://www.openslr.org/resources/17/musan.tar.gz (public download, no account; place musan.tar.gz under archives/openslr_17_musan/)",aug
openslr_17_musan,openslr_17_musan/musan/noise/free-sound/noise-free-sound-0499,musan,SLR17,noise,public-domain,"All selected recordings were marked as in the Public Domain
on Free Sound (url: https://www.freesound.org/).",CC BY 4.0: attribution,2026-09-08,yes,"https://www.openslr.org/resources/17/musan.tar.gz (public download, no account; place musan.tar.gz under archives/openslr_17_musan/)",aug
openslr_17_musan,openslr_17_musan/musan/noise/free-sound/noise-free-sound-0500,musan,SLR17,noise,public-domain,"All selected recordings were marked as in the Public Domain
on Free Sound (url: https://www.freesound.org/).",CC BY 4.0: attribution,2026-09-08,yes,"https://www.openslr.org/resources/17/musan.tar.gz (public download, no account; place musan.tar.gz under archives/openslr_17_musan/)",aug
openslr_17_musan,openslr_17_musan/musan/noise/free-sound/noise-free-sound-0501,musan,SLR17,noise,public-domain,"All selected recordings were marked as in the Public Domain
on Free Sound (url: https://www.freesound.org/).",CC BY 4.0: attribution,2026-09-08,yes,"https://www.openslr.org/resources/17/musan.tar.gz (public download, no account; place musan.tar.gz under archives/openslr_17_musan/)",aug
openslr_17_musan,openslr_17_musan/musan/noise/free-sound/noise-free-sound-0502,musan,SLR17,noise,public-domain,"All selected recordings were marked as in the Public Domain
on Free Sound (url: https://www.freesound.org/).",CC BY 4.0: attribution,2026-09-08,yes,"https://www.openslr.org/resources/17/musan.tar.gz (public download, no account; place musan.tar.gz under archives/openslr_17_musan/)",aug
openslr_17_musan,openslr_17_musan/musan/noise/free-sound/noise-free-sound-0503,musan,SLR17,noise,public-domain,"All selected recordings were marked as in the Public Domain
on Free Sound (url: https://www.freesound.org/).",CC BY 4.0: attribution,2026-09-08,yes,"https://www.openslr.org/resources/17/musan.tar.gz (public download, no account; place musan.tar.gz under archives/openslr_17_musan/)",aug
openslr_17_musan,openslr_17_musan/musan/noise/free-sound/noise-free-sound-0504,musan,SLR17,noise,public-domain,"All selected recordings were marked as in the Public Domain
on Free Sound (url: https://www.freesound.org/).",CC BY 4.0: attribution,2026-09-08,yes,"https://www.openslr.org/resources/17/musan.tar.gz (public download, no account; place musan.tar.gz under archives/openslr_17_musan/)",eval-noise
openslr_17_musan,openslr_17_musan/musan/noise/free-sound/noise-free-sound-0505,musan,SLR17,noise,public-domain,"All selected recordings were marked as in the Public Domain
on Free Sound (url: https://www.freesound.org/).",CC BY 4.0: attribution,2026-09-08,yes,"https://www.openslr.org/resources/17/musan.tar.gz (public download, no account; place musan.tar.gz under archives/openslr_17_musan/)",aug
openslr_17_musan,openslr_17_musan/musan/noise/free-sound/noise-free-sound-0506,musan,SLR17,noise,public-domain,"All selected recordings were marked as in the Public Domain
on Free Sound (url: https://www.freesound.org/).",CC BY 4.0: attribution,2026-09-08,yes,"https://www.openslr.org/resources/17/musan.tar.gz (public download, no account; place musan.tar.gz under archives/openslr_17_musan/)",aug
openslr_17_musan,openslr_17_musan/musan/noise/free-sound/noise-free-sound-0507,musan,SLR17,noise,public-domain,"All selected recordings were marked as in the Public Domain
on Free Sound (url: https://www.freesound.org/).",CC BY 4.0: attribution,2026-09-08,yes,"https://www.openslr.org/resources/17/musan.tar.gz (public download, no account; place musan.tar.gz under archives/openslr_17_musan/)",aug
openslr_17_musan,openslr_17_musan/musan/noise/free-sound/noise-free-sound-0508,musan,SLR17,noise,public-domain,"All selected recordings were marked as in the Public Domain
on Free Sound (url: https://www.freesound.org/).",CC BY 4.0: attribution,2026-09-08,yes,"https://www.openslr.org/resources/17/musan.tar.gz (public download, no account; place musan.tar.gz under archives/openslr_17_musan/)",aug
openslr_17_musan,openslr_17_musan/musan/noise/free-sound/noise-free-sound-0509,musan,SLR17,noise,public-domain,"All selected recordings were marked as in the Public Domain
on Free Sound (url: https://www.freesound.org/).",CC BY 4.0: attribution,2026-09-08,yes,"https://www.openslr.org/resources/17/musan.tar.gz (public download, no account; place musan.tar.gz under archives/openslr_17_musan/)",aug
openslr_17_musan,openslr_17_musan/musan/noise/free-sound/noise-free-sound-0510,musan,SLR17,noise,public-domain,"All selected recordings were marked as in the Public Domain
on Free Sound (url: https://www.freesound.org/).",CC BY 4.0: attribution,2026-09-08,yes,"https://www.openslr.org/resources/17/musan.tar.gz (public download, no account; place musan.tar.gz under archives/openslr_17_musan/)",aug
openslr_17_musan,openslr_17_musan/musan/noise/free-sound/noise-free-sound-0511,musan,SLR17,noise,public-domain,"All selected recordings were marked as in the Public Domain
on Free Sound (url: https://www.freesound.org/).",CC BY 4.0: attribution,2026-09-08,yes,"https://www.openslr.org/resources/17/musan.tar.gz (public download, no account; place musan.tar.gz under archives/openslr_17_musan/)",aug
openslr_17_musan,openslr_17_musan/musan/noise/free-sound/noise-free-sound-0512,musan,SLR17,noise,public-domain,"All selected recordings were marked as in the Public Domain
on Free Sound (url: https://www.freesound.org/).",CC BY 4.0: attribution,2026-09-08,yes,"https://www.openslr.org/resources/17/musan.tar.gz (public download, no account; place musan.tar.gz under archives/openslr_17_musan/)",aug
openslr_17_musan,openslr_17_musan/musan/noise/free-sound/noise-free-sound-0513,musan,SLR17,noise,public-domain,"All selected recordings were marked as in the Public Domain
on Free Sound (url: https://www.freesound.org/).",CC BY 4.0: attribution,2026-09-08,yes,"https://www.openslr.org/resources/17/musan.tar.gz (public download, no account; place musan.tar.gz under archives/openslr_17_musan/)",aug
openslr_17_musan,openslr_17_musan/musan/noise/free-sound/noise-free-sound-0514,musan,SLR17,noise,public-domain,"All selected recordings were marked as in the Public Domain
on Free Sound (url: https://www.freesound.org/).",CC BY 4.0: attribution,2026-09-08,yes,"https://www.openslr.org/resources/17/musan.tar.gz (public download, no account; place musan.tar.gz under archives/openslr_17_musan/)",aug
openslr_17_musan,openslr_17_musan/musan/noise/free-sound/noise-free-sound-0515,musan,SLR17,noise,public-domain,"All selected recordings were marked as in the Public Domain
on Free Sound (url: https://www.freesound.org/).",CC BY 4.0: attribution,2026-09-08,yes,"https://www.openslr.org/resources/17/musan.tar.gz (public download, no account; place musan.tar.gz under archives/openslr_17_musan/)",aug
openslr_17_musan,openslr_17_musan/musan/noise/free-sound/noise-free-sound-0516,musan,SLR17,noise,public-domain,"All selected recordings were marked as in the Public Domain
on Free Sound (url: https://www.freesound.org/).",CC BY 4.0: attribution,2026-09-08,yes,"https://www.openslr.org/resources/17/musan.tar.gz (public download, no account; place musan.tar.gz under archives/openslr_17_musan/)",eval-noise
openslr_17_musan,openslr_17_musan/musan/noise/free-sound/noise-free-sound-0517,musan,SLR17,noise,public-domain,"All selected recordings were marked as in the Public Domain
on Free Sound (url: https://www.freesound.org/).",CC BY 4.0: attribution,2026-09-08,yes,"https://www.openslr.org/resources/17/musan.tar.gz (public download, no account; place musan.tar.gz under archives/openslr_17_musan/)",aug
openslr_17_musan,openslr_17_musan/musan/noise/free-sound/noise-free-sound-0518,musan,SLR17,noise,public-domain,"All selected recordings were marked as in the Public Domain
on Free Sound (url: https://www.freesound.org/).",CC BY 4.0: attribution,2026-09-08,yes,"https://www.openslr.org/resources/17/musan.tar.gz (public download, no account; place musan.tar.gz under archives/openslr_17_musan/)",aug
openslr_17_musan,openslr_17_musan/musan/noise/free-sound/noise-free-sound-0519,musan,SLR17,noise,public-domain,"All selected recordings were marked as in the Public Domain
on Free Sound (url: https://www.freesound.org/).",CC BY 4.0: attribution,2026-09-08,yes,"https://www.openslr.org/resources/17/musan.tar.gz (public download, no account; place musan.tar.gz under archives/openslr_17_musan/)",aug
openslr_17_musan,openslr_17_musan/musan/noise/free-sound/noise-free-sound-0520,musan,SLR17,noise,public-domain,"All selected recordings were marked as in the Public Domain
on Free Sound (url: https://www.freesound.org/).",CC BY 4.0: attribution,2026-09-08,yes,"https://www.openslr.org/resources/17/musan.tar.gz (public download, no account; place musan.tar.gz under archives/openslr_17_musan/)",aug
openslr_17_musan,openslr_17_musan/musan/noise/free-sound/noise-free-sound-0521,musan,SLR17,noise,public-domain,"All selected recordings were marked as in the Public Domain
on Free Sound (url: https://www.freesound.org/).",CC BY 4.0: attribution,2026-09-08,yes,"https://www.openslr.org/resources/17/musan.tar.gz (public download, no account; place musan.tar.gz under archives/openslr_17_musan/)",aug
openslr_17_musan,openslr_17_musan/musan/noise/free-sound/noise-free-sound-0522,musan,SLR17,noise,public-domain,"All selected recordings were marked as in the Public Domain
on Free Sound (url: https://www.freesound.org/).",CC BY 4.0: attribution,2026-09-08,yes,"https://www.openslr.org/resources/17/musan.tar.gz (public download, no account; place musan.tar.gz under archives/openslr_17_musan/)",aug
openslr_17_musan,openslr_17_musan/musan/noise/free-sound/noise-free-sound-0523,musan,SLR17,noise,public-domain,"All selected recordings were marked as in the Public Domain
on Free Sound (url: https://www.freesound.org/).",CC BY 4.0: attribution,2026-09-08,yes,"https://www.openslr.org/resources/17/musan.tar.gz (public download, no account; place musan.tar.gz under archives/openslr_17_musan/)",aug
openslr_17_musan,openslr_17_musan/musan/noise/free-sound/noise-free-sound-0524,musan,SLR17,noise,public-domain,"All selected recordings were marked as in the Public Domain
on Free Sound (url: https://www.freesound.org/).",CC BY 4.0: attribution,2026-09-08,yes,"https://www.openslr.org/resources/17/musan.tar.gz (public download, no account; place musan.tar.gz under archives/openslr_17_musan/)",aug
openslr_17_musan,openslr_17_musan/musan/noise/free-sound/noise-free-sound-0525,musan,SLR17,noise,public-domain,"All selected recordings were marked as in the Public Domain
on Free Sound (url: https://www.freesound.org/).",CC BY 4.0: attribution,2026-09-08,yes,"https://www.openslr.org/resources/17/musan.tar.gz (public download, no account; place musan.tar.gz under archives/openslr_17_musan/)",eval-noise
openslr_17_musan,openslr_17_musan/musan/noise/free-sound/noise-free-sound-0526,musan,SLR17,noise,public-domain,"All selected recordings were marked as in the Public Domain
on Free Sound (url: https://www.freesound.org/).",CC BY 4.0: attribution,2026-09-08,yes,"https://www.openslr.org/resources/17/musan.tar.gz (public download, no account; place musan.tar.gz under archives/openslr_17_musan/)",aug
openslr_17_musan,openslr_17_musan/musan/noise/free-sound/noise-free-sound-0527,musan,SLR17,noise,public-domain,"All selected recordings were marked as in the Public Domain
on Free Sound (url: https://www.freesound.org/).",CC BY 4.0: attribution,2026-09-08,yes,"https://www.openslr.org/resources/17/musan.tar.gz (public download, no account; place musan.tar.gz under archives/openslr_17_musan/)",aug
openslr_17_musan,openslr_17_musan/musan/noise/free-sound/noise-free-sound-0528,musan,SLR17,noise,public-domain,"All selected recordings were marked as in the Public Domain
on Free Sound (url: https://www.freesound.org/).",CC BY 4.0: attribution,2026-09-08,yes,"https://www.openslr.org/resources/17/musan.tar.gz (public download, no account; place musan.tar.gz under archives/openslr_17_musan/)",aug
openslr_17_musan,openslr_17_musan/musan/noise/free-sound/noise-free-sound-0529,musan,SLR17,noise,public-domain,"All selected recordings were marked as in the Public Domain
on Free Sound (url: https://www.freesound.org/).",CC BY 4.0: attribution,2026-09-08,yes,"https://www.openslr.org/resources/17/musan.tar.gz (public download, no account; place musan.tar.gz under archives/openslr_17_musan/)",aug
openslr_17_musan,openslr_17_musan/musan/noise/free-sound/noise-free-sound-0530,musan,SLR17,noise,public-domain,"All selected recordings were marked as in the Public Domain
on Free Sound (url: https://www.freesound.org/).",CC BY 4.0: attribution,2026-09-08,yes,"https://www.openslr.org/resources/17/musan.tar.gz (public download, no account; place musan.tar.gz under archives/openslr_17_musan/)",aug
openslr_17_musan,openslr_17_musan/musan/noise/free-sound/noise-free-sound-0531,musan,SLR17,noise,public-domain,"All selected recordings were marked as in the Public Domain
on Free Sound (url: https://www.freesound.org/).",CC BY 4.0: attribution,2026-09-08,yes,"https://www.openslr.org/resources/17/musan.tar.gz (public download, no account; place musan.tar.gz under archives/openslr_17_musan/)",aug
openslr_17_musan,openslr_17_musan/musan/noise/free-sound/noise-free-sound-0532,musan,SLR17,noise,public-domain,"All selected recordings were marked as in the Public Domain
on Free Sound (url: https://www.freesound.org/).",CC BY 4.0: attribution,2026-09-08,yes,"https://www.openslr.org/resources/17/musan.tar.gz (public download, no account; place musan.tar.gz under archives/openslr_17_musan/)",aug
openslr_17_musan,openslr_17_musan/musan/noise/free-sound/noise-free-sound-0533,musan,SLR17,noise,public-domain,"All selected recordings were marked as in the Public Domain
on Free Sound (url: https://www.freesound.org/).",CC BY 4.0: attribution,2026-09-08,yes,"https://www.openslr.org/resources/17/musan.tar.gz (public download, no account; place musan.tar.gz under archives/openslr_17_musan/)",aug
openslr_17_musan,openslr_17_musan/musan/noise/free-sound/noise-free-sound-0534,musan,SLR17,noise,public-domain,"All selected recordings were marked as in the Public Domain
on Free Sound (url: https://www.freesound.org/).",CC BY 4.0: attribution,2026-09-08,yes,"https://www.openslr.org/resources/17/musan.tar.gz (public download, no account; place musan.tar.gz under archives/openslr_17_musan/)",aug
openslr_17_musan,openslr_17_musan/musan/noise/free-sound/noise-free-sound-0535,musan,SLR17,noise,public-domain,"All selected recordings were marked as in the Public Domain
on Free Sound (url: https://www.freesound.org/).",CC BY 4.0: attribution,2026-09-08,yes,"https://www.openslr.org/resources/17/musan.tar.gz (public download, no account; place musan.tar.gz under archives/openslr_17_musan/)",aug
openslr_17_musan,openslr_17_musan/musan/noise/free-sound/noise-free-sound-0536,musan,SLR17,noise,public-domain,"All selected recordings were marked as in the Public Domain
on Free Sound (url: https://www.freesound.org/).",CC BY 4.0: attribution,2026-09-08,yes,"https://www.openslr.org/resources/17/musan.tar.gz (public download, no account; place musan.tar.gz under archives/openslr_17_musan/)",aug
openslr_17_musan,openslr_17_musan/musan/noise/free-sound/noise-free-sound-0537,musan,SLR17,noise,public-domain,"All selected recordings were marked as in the Public Domain
on Free Sound (url: https://www.freesound.org/).",CC BY 4.0: attribution,2026-09-08,yes,"https://www.openslr.org/resources/17/musan.tar.gz (public download, no account; place musan.tar.gz under archives/openslr_17_musan/)",aug
openslr_17_musan,openslr_17_musan/musan/noise/free-sound/noise-free-sound-0538,musan,SLR17,noise,public-domain,"All selected recordings were marked as in the Public Domain
on Free Sound (url: https://www.freesound.org/).",CC BY 4.0: attribution,2026-09-08,yes,"https://www.openslr.org/resources/17/musan.tar.gz (public download, no account; place musan.tar.gz under archives/openslr_17_musan/)",aug
openslr_17_musan,openslr_17_musan/musan/noise/free-sound/noise-free-sound-0539,musan,SLR17,noise,public-domain,"All selected recordings were marked as in the Public Domain
on Free Sound (url: https://www.freesound.org/).",CC BY 4.0: attribution,2026-09-08,yes,"https://www.openslr.org/resources/17/musan.tar.gz (public download, no account; place musan.tar.gz under archives/openslr_17_musan/)",aug
openslr_17_musan,openslr_17_musan/musan/noise/free-sound/noise-free-sound-0540,musan,SLR17,noise,public-domain,"All selected recordings were marked as in the Public Domain
on Free Sound (url: https://www.freesound.org/).",CC BY 4.0: attribution,2026-09-08,yes,"https://www.openslr.org/resources/17/musan.tar.gz (public download, no account; place musan.tar.gz under archives/openslr_17_musan/)",aug
openslr_17_musan,openslr_17_musan/musan/noise/free-sound/noise-free-sound-0541,musan,SLR17,noise,public-domain,"All selected recordings were marked as in the Public Domain
on Free Sound (url: https://www.freesound.org/).",CC BY 4.0: attribution,2026-09-08,yes,"https://www.openslr.org/resources/17/musan.tar.gz (public download, no account; place musan.tar.gz under archives/openslr_17_musan/)",aug
openslr_17_musan,openslr_17_musan/musan/noise/free-sound/noise-free-sound-0542,musan,SLR17,noise,public-domain,"All selected recordings were marked as in the Public Domain
on Free Sound (url: https://www.freesound.org/).",CC BY 4.0: attribution,2026-09-08,yes,"https://www.openslr.org/resources/17/musan.tar.gz (public download, no account; place musan.tar.gz under archives/openslr_17_musan/)",aug
openslr_17_musan,openslr_17_musan/musan/noise/free-sound/noise-free-sound-0543,musan,SLR17,noise,public-domain,"All selected recordings were marked as in the Public Domain
on Free Sound (url: https://www.freesound.org/).",CC BY 4.0: attribution,2026-09-08,yes,"https://www.openslr.org/resources/17/musan.tar.gz (public download, no account; place musan.tar.gz under archives/openslr_17_musan/)",aug
openslr_17_musan,openslr_17_musan/musan/noise/free-sound/noise-free-sound-0544,musan,SLR17,noise,public-domain,"All selected recordings were marked as in the Public Domain
on Free Sound (url: https://www.freesound.org/).",CC BY 4.0: attribution,2026-09-08,yes,"https://www.openslr.org/resources/17/musan.tar.gz (public download, no account; place musan.tar.gz under archives/openslr_17_musan/)",aug
openslr_17_musan,openslr_17_musan/musan/noise/free-sound/noise-free-sound-0545,musan,SLR17,noise,public-domain,"All selected recordings were marked as in the Public Domain
on Free Sound (url: https://www.freesound.org/).",CC BY 4.0: attribution,2026-09-08,yes,"https://www.openslr.org/resources/17/musan.tar.gz (public download, no account; place musan.tar.gz under archives/openslr_17_musan/)",aug
openslr_17_musan,openslr_17_musan/musan/noise/free-sound/noise-free-sound-0546,musan,SLR17,noise,public-domain,"All selected recordings were marked as in the Public Domain
on Free Sound (url: https://www.freesound.org/).",CC BY 4.0: attribution,2026-09-08,yes,"https://www.openslr.org/resources/17/musan.tar.gz (public download, no account; place musan.tar.gz under archives/openslr_17_musan/)",aug
openslr_17_musan,openslr_17_musan/musan/noise/free-sound/noise-free-sound-0547,musan,SLR17,noise,public-domain,"All selected recordings were marked as in the Public Domain
on Free Sound (url: https://www.freesound.org/).",CC BY 4.0: attribution,2026-09-08,yes,"https://www.openslr.org/resources/17/musan.tar.gz (public download, no account; place musan.tar.gz under archives/openslr_17_musan/)",eval-noise
openslr_17_musan,openslr_17_musan/musan/noise/free-sound/noise-free-sound-0548,musan,SLR17,noise,public-domain,"All selected recordings were marked as in the Public Domain
on Free Sound (url: https://www.freesound.org/).",CC BY 4.0: attribution,2026-09-08,yes,"https://www.openslr.org/resources/17/musan.tar.gz (public download, no account; place musan.tar.gz under archives/openslr_17_musan/)",aug
openslr_17_musan,openslr_17_musan/musan/noise/free-sound/noise-free-sound-0549,musan,SLR17,noise,public-domain,"All selected recordings were marked as in the Public Domain
on Free Sound (url: https://www.freesound.org/).",CC BY 4.0: attribution,2026-09-08,yes,"https://www.openslr.org/resources/17/musan.tar.gz (public download, no account; place musan.tar.gz under archives/openslr_17_musan/)",eval-noise
openslr_17_musan,openslr_17_musan/musan/noise/free-sound/noise-free-sound-0550,musan,SLR17,noise,public-domain,"All selected recordings were marked as in the Public Domain
on Free Sound (url: https://www.freesound.org/).",CC BY 4.0: attribution,2026-09-08,yes,"https://www.openslr.org/resources/17/musan.tar.gz (public download, no account; place musan.tar.gz under archives/openslr_17_musan/)",eval-noise
openslr_17_musan,openslr_17_musan/musan/noise/free-sound/noise-free-sound-0551,musan,SLR17,noise,public-domain,"All selected recordings were marked as in the Public Domain
on Free Sound (url: https://www.freesound.org/).",CC BY 4.0: attribution,2026-09-08,yes,"https://www.openslr.org/resources/17/musan.tar.gz (public download, no account; place musan.tar.gz under archives/openslr_17_musan/)",aug
openslr_17_musan,openslr_17_musan/musan/noise/free-sound/noise-free-sound-0552,musan,SLR17,noise,public-domain,"All selected recordings were marked as in the Public Domain
on Free Sound (url: https://www.freesound.org/).",CC BY 4.0: attribution,2026-09-08,yes,"https://www.openslr.org/resources/17/musan.tar.gz (public download, no account; place musan.tar.gz under archives/openslr_17_musan/)",aug
openslr_17_musan,openslr_17_musan/musan/noise/free-sound/noise-free-sound-0553,musan,SLR17,noise,public-domain,"All selected recordings were marked as in the Public Domain
on Free Sound (url: https://www.freesound.org/).",CC BY 4.0: attribution,2026-09-08,yes,"https://www.openslr.org/resources/17/musan.tar.gz (public download, no account; place musan.tar.gz under archives/openslr_17_musan/)",aug
openslr_17_musan,openslr_17_musan/musan/noise/free-sound/noise-free-sound-0554,musan,SLR17,noise,public-domain,"All selected recordings were marked as in the Public Domain
on Free Sound (url: https://www.freesound.org/).",CC BY 4.0: attribution,2026-09-08,yes,"https://www.openslr.org/resources/17/musan.tar.gz (public download, no account; place musan.tar.gz under archives/openslr_17_musan/)",aug
openslr_17_musan,openslr_17_musan/musan/noise/free-sound/noise-free-sound-0555,musan,SLR17,noise,public-domain,"All selected recordings were marked as in the Public Domain
on Free Sound (url: https://www.freesound.org/).",CC BY 4.0: attribution,2026-09-08,yes,"https://www.openslr.org/resources/17/musan.tar.gz (public download, no account; place musan.tar.gz under archives/openslr_17_musan/)",aug
openslr_17_musan,openslr_17_musan/musan/noise/free-sound/noise-free-sound-0556,musan,SLR17,noise,public-domain,"All selected recordings were marked as in the Public Domain
on Free Sound (url: https://www.freesound.org/).",CC BY 4.0: attribution,2026-09-08,yes,"https://www.openslr.org/resources/17/musan.tar.gz (public download, no account; place musan.tar.gz under archives/openslr_17_musan/)",aug
openslr_17_musan,openslr_17_musan/musan/noise/free-sound/noise-free-sound-0557,musan,SLR17,noise,public-domain,"All selected recordings were marked as in the Public Domain
on Free Sound (url: https://www.freesound.org/).",CC BY 4.0: attribution,2026-09-08,yes,"https://www.openslr.org/resources/17/musan.tar.gz (public download, no account; place musan.tar.gz under archives/openslr_17_musan/)",aug
openslr_17_musan,openslr_17_musan/musan/noise/free-sound/noise-free-sound-0558,musan,SLR17,noise,public-domain,"All selected recordings were marked as in the Public Domain
on Free Sound (url: https://www.freesound.org/).",CC BY 4.0: attribution,2026-09-08,yes,"https://www.openslr.org/resources/17/musan.tar.gz (public download, no account; place musan.tar.gz under archives/openslr_17_musan/)",aug
openslr_17_musan,openslr_17_musan/musan/noise/free-sound/noise-free-sound-0559,musan,SLR17,noise,public-domain,"All selected recordings were marked as in the Public Domain
on Free Sound (url: https://www.freesound.org/).",CC BY 4.0: attribution,2026-09-08,yes,"https://www.openslr.org/resources/17/musan.tar.gz (public download, no account; place musan.tar.gz under archives/openslr_17_musan/)",aug
openslr_17_musan,openslr_17_musan/musan/noise/free-sound/noise-free-sound-0560,musan,SLR17,noise,public-domain,"All selected recordings were marked as in the Public Domain
on Free Sound (url: https://www.freesound.org/).",CC BY 4.0: attribution,2026-09-08,yes,"https://www.openslr.org/resources/17/musan.tar.gz (public download, no account; place musan.tar.gz under archives/openslr_17_musan/)",aug
openslr_17_musan,openslr_17_musan/musan/noise/free-sound/noise-free-sound-0561,musan,SLR17,noise,public-domain,"All selected recordings were marked as in the Public Domain
on Free Sound (url: https://www.freesound.org/).",CC BY 4.0: attribution,2026-09-08,yes,"https://www.openslr.org/resources/17/musan.tar.gz (public download, no account; place musan.tar.gz under archives/openslr_17_musan/)",aug
openslr_17_musan,openslr_17_musan/musan/noise/free-sound/noise-free-sound-0562,musan,SLR17,noise,public-domain,"All selected recordings were marked as in the Public Domain
on Free Sound (url: https://www.freesound.org/).",CC BY 4.0: attribution,2026-09-08,yes,"https://www.openslr.org/resources/17/musan.tar.gz (public download, no account; place musan.tar.gz under archives/openslr_17_musan/)",aug
openslr_17_musan,openslr_17_musan/musan/noise/free-sound/noise-free-sound-0563,musan,SLR17,noise,public-domain,"All selected recordings were marked as in the Public Domain
on Free Sound (url: https://www.freesound.org/).",CC BY 4.0: attribution,2026-09-08,yes,"https://www.openslr.org/resources/17/musan.tar.gz (public download, no account; place musan.tar.gz under archives/openslr_17_musan/)",aug
openslr_17_musan,openslr_17_musan/musan/noise/free-sound/noise-free-sound-0564,musan,SLR17,noise,public-domain,"All selected recordings were marked as in the Public Domain
on Free Sound (url: https://www.freesound.org/).",CC BY 4.0: attribution,2026-09-08,yes,"https://www.openslr.org/resources/17/musan.tar.gz (public download, no account; place musan.tar.gz under archives/openslr_17_musan/)",aug
openslr_17_musan,openslr_17_musan/musan/noise/free-sound/noise-free-sound-0565,musan,SLR17,noise,public-domain,"All selected recordings were marked as in the Public Domain
on Free Sound (url: https://www.freesound.org/).",CC BY 4.0: attribution,2026-09-08,yes,"https://www.openslr.org/resources/17/musan.tar.gz (public download, no account; place musan.tar.gz under archives/openslr_17_musan/)",aug
openslr_17_musan,openslr_17_musan/musan/noise/free-sound/noise-free-sound-0566,musan,SLR17,noise,public-domain,"All selected recordings were marked as in the Public Domain
on Free Sound (url: https://www.freesound.org/).",CC BY 4.0: attribution,2026-09-08,yes,"https://www.openslr.org/resources/17/musan.tar.gz (public download, no account; place musan.tar.gz under archives/openslr_17_musan/)",aug
openslr_17_musan,openslr_17_musan/musan/noise/free-sound/noise-free-sound-0567,musan,SLR17,noise,public-domain,"All selected recordings were marked as in the Public Domain
on Free Sound (url: https://www.freesound.org/).",CC BY 4.0: attribution,2026-09-08,yes,"https://www.openslr.org/resources/17/musan.tar.gz (public download, no account; place musan.tar.gz under archives/openslr_17_musan/)",aug
openslr_17_musan,openslr_17_musan/musan/noise/free-sound/noise-free-sound-0568,musan,SLR17,noise,public-domain,"All selected recordings were marked as in the Public Domain
on Free Sound (url: https://www.freesound.org/).",CC BY 4.0: attribution,2026-09-08,yes,"https://www.openslr.org/resources/17/musan.tar.gz (public download, no account; place musan.tar.gz under archives/openslr_17_musan/)",aug
openslr_17_musan,openslr_17_musan/musan/noise/free-sound/noise-free-sound-0569,musan,SLR17,noise,public-domain,"All selected recordings were marked as in the Public Domain
on Free Sound (url: https://www.freesound.org/).",CC BY 4.0: attribution,2026-09-08,yes,"https://www.openslr.org/resources/17/musan.tar.gz (public download, no account; place musan.tar.gz under archives/openslr_17_musan/)",eval-noise
openslr_17_musan,openslr_17_musan/musan/noise/free-sound/noise-free-sound-0570,musan,SLR17,noise,public-domain,"All selected recordings were marked as in the Public Domain
on Free Sound (url: https://www.freesound.org/).",CC BY 4.0: attribution,2026-09-08,yes,"https://www.openslr.org/resources/17/musan.tar.gz (public download, no account; place musan.tar.gz under archives/openslr_17_musan/)",aug
openslr_17_musan,openslr_17_musan/musan/noise/free-sound/noise-free-sound-0571,musan,SLR17,noise,public-domain,"All selected recordings were marked as in the Public Domain
on Free Sound (url: https://www.freesound.org/).",CC BY 4.0: attribution,2026-09-08,yes,"https://www.openslr.org/resources/17/musan.tar.gz (public download, no account; place musan.tar.gz under archives/openslr_17_musan/)",aug
openslr_17_musan,openslr_17_musan/musan/noise/free-sound/noise-free-sound-0572,musan,SLR17,noise,public-domain,"All selected recordings were marked as in the Public Domain
on Free Sound (url: https://www.freesound.org/).",CC BY 4.0: attribution,2026-09-08,yes,"https://www.openslr.org/resources/17/musan.tar.gz (public download, no account; place musan.tar.gz under archives/openslr_17_musan/)",aug
openslr_17_musan,openslr_17_musan/musan/noise/free-sound/noise-free-sound-0573,musan,SLR17,noise,public-domain,"All selected recordings were marked as in the Public Domain
on Free Sound (url: https://www.freesound.org/).",CC BY 4.0: attribution,2026-09-08,yes,"https://www.openslr.org/resources/17/musan.tar.gz (public download, no account; place musan.tar.gz under archives/openslr_17_musan/)",aug
openslr_17_musan,openslr_17_musan/musan/noise/free-sound/noise-free-sound-0574,musan,SLR17,noise,public-domain,"All selected recordings were marked as in the Public Domain
on Free Sound (url: https://www.freesound.org/).",CC BY 4.0: attribution,2026-09-08,yes,"https://www.openslr.org/resources/17/musan.tar.gz (public download, no account; place musan.tar.gz under archives/openslr_17_musan/)",aug
openslr_17_musan,openslr_17_musan/musan/noise/free-sound/noise-free-sound-0575,musan,SLR17,noise,public-domain,"All selected recordings were marked as in the Public Domain
on Free Sound (url: https://www.freesound.org/).",CC BY 4.0: attribution,2026-09-08,yes,"https://www.openslr.org/resources/17/musan.tar.gz (public download, no account; place musan.tar.gz under archives/openslr_17_musan/)",eval-noise
openslr_17_musan,openslr_17_musan/musan/noise/free-sound/noise-free-sound-0576,musan,SLR17,noise,public-domain,"All selected recordings were marked as in the Public Domain
on Free Sound (url: https://www.freesound.org/).",CC BY 4.0: attribution,2026-09-08,yes,"https://www.openslr.org/resources/17/musan.tar.gz (public download, no account; place musan.tar.gz under archives/openslr_17_musan/)",aug
openslr_17_musan,openslr_17_musan/musan/noise/free-sound/noise-free-sound-0577,musan,SLR17,noise,public-domain,"All selected recordings were marked as in the Public Domain
on Free Sound (url: https://www.freesound.org/).",CC BY 4.0: attribution,2026-09-08,yes,"https://www.openslr.org/resources/17/musan.tar.gz (public download, no account; place musan.tar.gz under archives/openslr_17_musan/)",aug
openslr_17_musan,openslr_17_musan/musan/noise/free-sound/noise-free-sound-0578,musan,SLR17,noise,public-domain,"All selected recordings were marked as in the Public Domain
on Free Sound (url: https://www.freesound.org/).",CC BY 4.0: attribution,2026-09-08,yes,"https://www.openslr.org/resources/17/musan.tar.gz (public download, no account; place musan.tar.gz under archives/openslr_17_musan/)",aug
openslr_17_musan,openslr_17_musan/musan/noise/free-sound/noise-free-sound-0579,musan,SLR17,noise,public-domain,"All selected recordings were marked as in the Public Domain
on Free Sound (url: https://www.freesound.org/).",CC BY 4.0: attribution,2026-09-08,yes,"https://www.openslr.org/resources/17/musan.tar.gz (public download, no account; place musan.tar.gz under archives/openslr_17_musan/)",aug
openslr_17_musan,openslr_17_musan/musan/noise/free-sound/noise-free-sound-0580,musan,SLR17,noise,public-domain,"All selected recordings were marked as in the Public Domain
on Free Sound (url: https://www.freesound.org/).",CC BY 4.0: attribution,2026-09-08,yes,"https://www.openslr.org/resources/17/musan.tar.gz (public download, no account; place musan.tar.gz under archives/openslr_17_musan/)",aug
openslr_17_musan,openslr_17_musan/musan/noise/free-sound/noise-free-sound-0581,musan,SLR17,noise,public-domain,"All selected recordings were marked as in the Public Domain
on Free Sound (url: https://www.freesound.org/).",CC BY 4.0: attribution,2026-09-08,yes,"https://www.openslr.org/resources/17/musan.tar.gz (public download, no account; place musan.tar.gz under archives/openslr_17_musan/)",aug
openslr_17_musan,openslr_17_musan/musan/noise/free-sound/noise-free-sound-0582,musan,SLR17,noise,public-domain,"All selected recordings were marked as in the Public Domain
on Free Sound (url: https://www.freesound.org/).",CC BY 4.0: attribution,2026-09-08,yes,"https://www.openslr.org/resources/17/musan.tar.gz (public download, no account; place musan.tar.gz under archives/openslr_17_musan/)",aug
openslr_17_musan,openslr_17_musan/musan/noise/free-sound/noise-free-sound-0583,musan,SLR17,noise,public-domain,"All selected recordings were marked as in the Public Domain
on Free Sound (url: https://www.freesound.org/).",CC BY 4.0: attribution,2026-09-08,yes,"https://www.openslr.org/resources/17/musan.tar.gz (public download, no account; place musan.tar.gz under archives/openslr_17_musan/)",aug
openslr_17_musan,openslr_17_musan/musan/noise/free-sound/noise-free-sound-0584,musan,SLR17,noise,public-domain,"All selected recordings were marked as in the Public Domain
on Free Sound (url: https://www.freesound.org/).",CC BY 4.0: attribution,2026-09-08,yes,"https://www.openslr.org/resources/17/musan.tar.gz (public download, no account; place musan.tar.gz under archives/openslr_17_musan/)",aug
openslr_17_musan,openslr_17_musan/musan/noise/free-sound/noise-free-sound-0585,musan,SLR17,noise,public-domain,"All selected recordings were marked as in the Public Domain
on Free Sound (url: https://www.freesound.org/).",CC BY 4.0: attribution,2026-09-08,yes,"https://www.openslr.org/resources/17/musan.tar.gz (public download, no account; place musan.tar.gz under archives/openslr_17_musan/)",aug
openslr_17_musan,openslr_17_musan/musan/noise/free-sound/noise-free-sound-0586,musan,SLR17,noise,public-domain,"All selected recordings were marked as in the Public Domain
on Free Sound (url: https://www.freesound.org/).",CC BY 4.0: attribution,2026-09-08,yes,"https://www.openslr.org/resources/17/musan.tar.gz (public download, no account; place musan.tar.gz under archives/openslr_17_musan/)",aug
openslr_17_musan,openslr_17_musan/musan/noise/free-sound/noise-free-sound-0587,musan,SLR17,noise,public-domain,"All selected recordings were marked as in the Public Domain
on Free Sound (url: https://www.freesound.org/).",CC BY 4.0: attribution,2026-09-08,yes,"https://www.openslr.org/resources/17/musan.tar.gz (public download, no account; place musan.tar.gz under archives/openslr_17_musan/)",aug
openslr_17_musan,openslr_17_musan/musan/noise/free-sound/noise-free-sound-0588,musan,SLR17,noise,public-domain,"All selected recordings were marked as in the Public Domain
on Free Sound (url: https://www.freesound.org/).",CC BY 4.0: attribution,2026-09-08,yes,"https://www.openslr.org/resources/17/musan.tar.gz (public download, no account; place musan.tar.gz under archives/openslr_17_musan/)",aug
openslr_17_musan,openslr_17_musan/musan/noise/free-sound/noise-free-sound-0589,musan,SLR17,noise,public-domain,"All selected recordings were marked as in the Public Domain
on Free Sound (url: https://www.freesound.org/).",CC BY 4.0: attribution,2026-09-08,yes,"https://www.openslr.org/resources/17/musan.tar.gz (public download, no account; place musan.tar.gz under archives/openslr_17_musan/)",aug
openslr_17_musan,openslr_17_musan/musan/noise/free-sound/noise-free-sound-0590,musan,SLR17,noise,public-domain,"All selected recordings were marked as in the Public Domain
on Free Sound (url: https://www.freesound.org/).",CC BY 4.0: attribution,2026-09-08,yes,"https://www.openslr.org/resources/17/musan.tar.gz (public download, no account; place musan.tar.gz under archives/openslr_17_musan/)",aug
openslr_17_musan,openslr_17_musan/musan/noise/free-sound/noise-free-sound-0591,musan,SLR17,noise,public-domain,"All selected recordings were marked as in the Public Domain
on Free Sound (url: https://www.freesound.org/).",CC BY 4.0: attribution,2026-09-08,yes,"https://www.openslr.org/resources/17/musan.tar.gz (public download, no account; place musan.tar.gz under archives/openslr_17_musan/)",aug
openslr_17_musan,openslr_17_musan/musan/noise/free-sound/noise-free-sound-0592,musan,SLR17,noise,public-domain,"All selected recordings were marked as in the Public Domain
on Free Sound (url: https://www.freesound.org/).",CC BY 4.0: attribution,2026-09-08,yes,"https://www.openslr.org/resources/17/musan.tar.gz (public download, no account; place musan.tar.gz under archives/openslr_17_musan/)",aug
openslr_17_musan,openslr_17_musan/musan/noise/free-sound/noise-free-sound-0593,musan,SLR17,noise,public-domain,"All selected recordings were marked as in the Public Domain
on Free Sound (url: https://www.freesound.org/).",CC BY 4.0: attribution,2026-09-08,yes,"https://www.openslr.org/resources/17/musan.tar.gz (public download, no account; place musan.tar.gz under archives/openslr_17_musan/)",aug
openslr_17_musan,openslr_17_musan/musan/noise/free-sound/noise-free-sound-0594,musan,SLR17,noise,public-domain,"All selected recordings were marked as in the Public Domain
on Free Sound (url: https://www.freesound.org/).",CC BY 4.0: attribution,2026-09-08,yes,"https://www.openslr.org/resources/17/musan.tar.gz (public download, no account; place musan.tar.gz under archives/openslr_17_musan/)",aug
openslr_17_musan,openslr_17_musan/musan/noise/free-sound/noise-free-sound-0595,musan,SLR17,noise,public-domain,"All selected recordings were marked as in the Public Domain
on Free Sound (url: https://www.freesound.org/).",CC BY 4.0: attribution,2026-09-08,yes,"https://www.openslr.org/resources/17/musan.tar.gz (public download, no account; place musan.tar.gz under archives/openslr_17_musan/)",aug
openslr_17_musan,openslr_17_musan/musan/noise/free-sound/noise-free-sound-0596,musan,SLR17,noise,public-domain,"All selected recordings were marked as in the Public Domain
on Free Sound (url: https://www.freesound.org/).",CC BY 4.0: attribution,2026-09-08,yes,"https://www.openslr.org/resources/17/musan.tar.gz (public download, no account; place musan.tar.gz under archives/openslr_17_musan/)",aug
openslr_17_musan,openslr_17_musan/musan/noise/free-sound/noise-free-sound-0597,musan,SLR17,noise,public-domain,"All selected recordings were marked as in the Public Domain
on Free Sound (url: https://www.freesound.org/).",CC BY 4.0: attribution,2026-09-08,yes,"https://www.openslr.org/resources/17/musan.tar.gz (public download, no account; place musan.tar.gz under archives/openslr_17_musan/)",eval-noise
openslr_17_musan,openslr_17_musan/musan/noise/free-sound/noise-free-sound-0598,musan,SLR17,noise,public-domain,"All selected recordings were marked as in the Public Domain
on Free Sound (url: https://www.freesound.org/).",CC BY 4.0: attribution,2026-09-08,yes,"https://www.openslr.org/resources/17/musan.tar.gz (public download, no account; place musan.tar.gz under archives/openslr_17_musan/)",eval-noise
openslr_17_musan,openslr_17_musan/musan/noise/free-sound/noise-free-sound-0599,musan,SLR17,noise,public-domain,"All selected recordings were marked as in the Public Domain
on Free Sound (url: https://www.freesound.org/).",CC BY 4.0: attribution,2026-09-08,yes,"https://www.openslr.org/resources/17/musan.tar.gz (public download, no account; place musan.tar.gz under archives/openslr_17_musan/)",aug
openslr_17_musan,openslr_17_musan/musan/noise/free-sound/noise-free-sound-0600,musan,SLR17,noise,public-domain,"All selected recordings were marked as in the Public Domain
on Free Sound (url: https://www.freesound.org/).",CC BY 4.0: attribution,2026-09-08,yes,"https://www.openslr.org/resources/17/musan.tar.gz (public download, no account; place musan.tar.gz under archives/openslr_17_musan/)",aug
openslr_17_musan,openslr_17_musan/musan/noise/free-sound/noise-free-sound-0601,musan,SLR17,noise,public-domain,"All selected recordings were marked as in the Public Domain
on Free Sound (url: https://www.freesound.org/).",CC BY 4.0: attribution,2026-09-08,yes,"https://www.openslr.org/resources/17/musan.tar.gz (public download, no account; place musan.tar.gz under archives/openslr_17_musan/)",aug
openslr_17_musan,openslr_17_musan/musan/noise/free-sound/noise-free-sound-0602,musan,SLR17,noise,public-domain,"All selected recordings were marked as in the Public Domain
on Free Sound (url: https://www.freesound.org/).",CC BY 4.0: attribution,2026-09-08,yes,"https://www.openslr.org/resources/17/musan.tar.gz (public download, no account; place musan.tar.gz under archives/openslr_17_musan/)",aug
openslr_17_musan,openslr_17_musan/musan/noise/free-sound/noise-free-sound-0603,musan,SLR17,noise,public-domain,"All selected recordings were marked as in the Public Domain
on Free Sound (url: https://www.freesound.org/).",CC BY 4.0: attribution,2026-09-08,yes,"https://www.openslr.org/resources/17/musan.tar.gz (public download, no account; place musan.tar.gz under archives/openslr_17_musan/)",aug
openslr_17_musan,openslr_17_musan/musan/noise/free-sound/noise-free-sound-0604,musan,SLR17,noise,public-domain,"All selected recordings were marked as in the Public Domain
on Free Sound (url: https://www.freesound.org/).",CC BY 4.0: attribution,2026-09-08,yes,"https://www.openslr.org/resources/17/musan.tar.gz (public download, no account; place musan.tar.gz under archives/openslr_17_musan/)",aug
openslr_17_musan,openslr_17_musan/musan/noise/free-sound/noise-free-sound-0605,musan,SLR17,noise,public-domain,"All selected recordings were marked as in the Public Domain
on Free Sound (url: https://www.freesound.org/).",CC BY 4.0: attribution,2026-09-08,yes,"https://www.openslr.org/resources/17/musan.tar.gz (public download, no account; place musan.tar.gz under archives/openslr_17_musan/)",aug
openslr_17_musan,openslr_17_musan/musan/noise/free-sound/noise-free-sound-0606,musan,SLR17,noise,public-domain,"All selected recordings were marked as in the Public Domain
on Free Sound (url: https://www.freesound.org/).",CC BY 4.0: attribution,2026-09-08,yes,"https://www.openslr.org/resources/17/musan.tar.gz (public download, no account; place musan.tar.gz under archives/openslr_17_musan/)",aug
openslr_17_musan,openslr_17_musan/musan/noise/free-sound/noise-free-sound-0607,musan,SLR17,noise,public-domain,"All selected recordings were marked as in the Public Domain
on Free Sound (url: https://www.freesound.org/).",CC BY 4.0: attribution,2026-09-08,yes,"https://www.openslr.org/resources/17/musan.tar.gz (public download, no account; place musan.tar.gz under archives/openslr_17_musan/)",aug
openslr_17_musan,openslr_17_musan/musan/noise/free-sound/noise-free-sound-0608,musan,SLR17,noise,public-domain,"All selected recordings were marked as in the Public Domain
on Free Sound (url: https://www.freesound.org/).",CC BY 4.0: attribution,2026-09-08,yes,"https://www.openslr.org/resources/17/musan.tar.gz (public download, no account; place musan.tar.gz under archives/openslr_17_musan/)",aug
openslr_17_musan,openslr_17_musan/musan/noise/free-sound/noise-free-sound-0609,musan,SLR17,noise,public-domain,"All selected recordings were marked as in the Public Domain
on Free Sound (url: https://www.freesound.org/).",CC BY 4.0: attribution,2026-09-08,yes,"https://www.openslr.org/resources/17/musan.tar.gz (public download, no account; place musan.tar.gz under archives/openslr_17_musan/)",aug
openslr_17_musan,openslr_17_musan/musan/noise/free-sound/noise-free-sound-0610,musan,SLR17,noise,public-domain,"All selected recordings were marked as in the Public Domain
on Free Sound (url: https://www.freesound.org/).",CC BY 4.0: attribution,2026-09-08,yes,"https://www.openslr.org/resources/17/musan.tar.gz (public download, no account; place musan.tar.gz under archives/openslr_17_musan/)",aug
openslr_17_musan,openslr_17_musan/musan/noise/free-sound/noise-free-sound-0611,musan,SLR17,noise,public-domain,"All selected recordings were marked as in the Public Domain
on Free Sound (url: https://www.freesound.org/).",CC BY 4.0: attribution,2026-09-08,yes,"https://www.openslr.org/resources/17/musan.tar.gz (public download, no account; place musan.tar.gz under archives/openslr_17_musan/)",aug
openslr_17_musan,openslr_17_musan/musan/noise/free-sound/noise-free-sound-0612,musan,SLR17,noise,public-domain,"All selected recordings were marked as in the Public Domain
on Free Sound (url: https://www.freesound.org/).",CC BY 4.0: attribution,2026-09-08,yes,"https://www.openslr.org/resources/17/musan.tar.gz (public download, no account; place musan.tar.gz under archives/openslr_17_musan/)",aug
openslr_17_musan,openslr_17_musan/musan/noise/free-sound/noise-free-sound-0613,musan,SLR17,noise,public-domain,"All selected recordings were marked as in the Public Domain
on Free Sound (url: https://www.freesound.org/).",CC BY 4.0: attribution,2026-09-08,yes,"https://www.openslr.org/resources/17/musan.tar.gz (public download, no account; place musan.tar.gz under archives/openslr_17_musan/)",aug
openslr_17_musan,openslr_17_musan/musan/noise/free-sound/noise-free-sound-0614,musan,SLR17,noise,public-domain,"All selected recordings were marked as in the Public Domain
on Free Sound (url: https://www.freesound.org/).",CC BY 4.0: attribution,2026-09-08,yes,"https://www.openslr.org/resources/17/musan.tar.gz (public download, no account; place musan.tar.gz under archives/openslr_17_musan/)",aug
openslr_17_musan,openslr_17_musan/musan/noise/free-sound/noise-free-sound-0615,musan,SLR17,noise,public-domain,"All selected recordings were marked as in the Public Domain
on Free Sound (url: https://www.freesound.org/).",CC BY 4.0: attribution,2026-09-08,yes,"https://www.openslr.org/resources/17/musan.tar.gz (public download, no account; place musan.tar.gz under archives/openslr_17_musan/)",aug
openslr_17_musan,openslr_17_musan/musan/noise/free-sound/noise-free-sound-0616,musan,SLR17,noise,public-domain,"All selected recordings were marked as in the Public Domain
on Free Sound (url: https://www.freesound.org/).",CC BY 4.0: attribution,2026-09-08,yes,"https://www.openslr.org/resources/17/musan.tar.gz (public download, no account; place musan.tar.gz under archives/openslr_17_musan/)",aug
openslr_17_musan,openslr_17_musan/musan/noise/free-sound/noise-free-sound-0617,musan,SLR17,noise,public-domain,"All selected recordings were marked as in the Public Domain
on Free Sound (url: https://www.freesound.org/).",CC BY 4.0: attribution,2026-09-08,yes,"https://www.openslr.org/resources/17/musan.tar.gz (public download, no account; place musan.tar.gz under archives/openslr_17_musan/)",aug
openslr_17_musan,openslr_17_musan/musan/noise/free-sound/noise-free-sound-0618,musan,SLR17,noise,public-domain,"All selected recordings were marked as in the Public Domain
on Free Sound (url: https://www.freesound.org/).",CC BY 4.0: attribution,2026-09-08,yes,"https://www.openslr.org/resources/17/musan.tar.gz (public download, no account; place musan.tar.gz under archives/openslr_17_musan/)",aug
openslr_17_musan,openslr_17_musan/musan/noise/free-sound/noise-free-sound-0619,musan,SLR17,noise,public-domain,"All selected recordings were marked as in the Public Domain
on Free Sound (url: https://www.freesound.org/).",CC BY 4.0: attribution,2026-09-08,yes,"https://www.openslr.org/resources/17/musan.tar.gz (public download, no account; place musan.tar.gz under archives/openslr_17_musan/)",aug
openslr_17_musan,openslr_17_musan/musan/noise/free-sound/noise-free-sound-0620,musan,SLR17,noise,public-domain,"All selected recordings were marked as in the Public Domain
on Free Sound (url: https://www.freesound.org/).",CC BY 4.0: attribution,2026-09-08,yes,"https://www.openslr.org/resources/17/musan.tar.gz (public download, no account; place musan.tar.gz under archives/openslr_17_musan/)",aug
openslr_17_musan,openslr_17_musan/musan/noise/free-sound/noise-free-sound-0621,musan,SLR17,noise,public-domain,"All selected recordings were marked as in the Public Domain
on Free Sound (url: https://www.freesound.org/).",CC BY 4.0: attribution,2026-09-08,yes,"https://www.openslr.org/resources/17/musan.tar.gz (public download, no account; place musan.tar.gz under archives/openslr_17_musan/)",aug
openslr_17_musan,openslr_17_musan/musan/noise/free-sound/noise-free-sound-0622,musan,SLR17,noise,public-domain,"All selected recordings were marked as in the Public Domain
on Free Sound (url: https://www.freesound.org/).",CC BY 4.0: attribution,2026-09-08,yes,"https://www.openslr.org/resources/17/musan.tar.gz (public download, no account; place musan.tar.gz under archives/openslr_17_musan/)",aug
openslr_17_musan,openslr_17_musan/musan/noise/free-sound/noise-free-sound-0623,musan,SLR17,noise,public-domain,"All selected recordings were marked as in the Public Domain
on Free Sound (url: https://www.freesound.org/).",CC BY 4.0: attribution,2026-09-08,yes,"https://www.openslr.org/resources/17/musan.tar.gz (public download, no account; place musan.tar.gz under archives/openslr_17_musan/)",aug
openslr_17_musan,openslr_17_musan/musan/noise/free-sound/noise-free-sound-0624,musan,SLR17,noise,public-domain,"All selected recordings were marked as in the Public Domain
on Free Sound (url: https://www.freesound.org/).",CC BY 4.0: attribution,2026-09-08,yes,"https://www.openslr.org/resources/17/musan.tar.gz (public download, no account; place musan.tar.gz under archives/openslr_17_musan/)",eval-noise
openslr_17_musan,openslr_17_musan/musan/noise/free-sound/noise-free-sound-0625,musan,SLR17,noise,public-domain,"All selected recordings were marked as in the Public Domain
on Free Sound (url: https://www.freesound.org/).",CC BY 4.0: attribution,2026-09-08,yes,"https://www.openslr.org/resources/17/musan.tar.gz (public download, no account; place musan.tar.gz under archives/openslr_17_musan/)",aug
openslr_17_musan,openslr_17_musan/musan/noise/free-sound/noise-free-sound-0626,musan,SLR17,noise,public-domain,"All selected recordings were marked as in the Public Domain
on Free Sound (url: https://www.freesound.org/).",CC BY 4.0: attribution,2026-09-08,yes,"https://www.openslr.org/resources/17/musan.tar.gz (public download, no account; place musan.tar.gz under archives/openslr_17_musan/)",aug
openslr_17_musan,openslr_17_musan/musan/noise/free-sound/noise-free-sound-0627,musan,SLR17,noise,public-domain,"All selected recordings were marked as in the Public Domain
on Free Sound (url: https://www.freesound.org/).",CC BY 4.0: attribution,2026-09-08,yes,"https://www.openslr.org/resources/17/musan.tar.gz (public download, no account; place musan.tar.gz under archives/openslr_17_musan/)",aug
openslr_17_musan,openslr_17_musan/musan/noise/free-sound/noise-free-sound-0628,musan,SLR17,noise,public-domain,"All selected recordings were marked as in the Public Domain
on Free Sound (url: https://www.freesound.org/).",CC BY 4.0: attribution,2026-09-08,yes,"https://www.openslr.org/resources/17/musan.tar.gz (public download, no account; place musan.tar.gz under archives/openslr_17_musan/)",aug
openslr_17_musan,openslr_17_musan/musan/noise/free-sound/noise-free-sound-0629,musan,SLR17,noise,public-domain,"All selected recordings were marked as in the Public Domain
on Free Sound (url: https://www.freesound.org/).",CC BY 4.0: attribution,2026-09-08,yes,"https://www.openslr.org/resources/17/musan.tar.gz (public download, no account; place musan.tar.gz under archives/openslr_17_musan/)",aug
openslr_17_musan,openslr_17_musan/musan/noise/free-sound/noise-free-sound-0630,musan,SLR17,noise,public-domain,"All selected recordings were marked as in the Public Domain
on Free Sound (url: https://www.freesound.org/).",CC BY 4.0: attribution,2026-09-08,yes,"https://www.openslr.org/resources/17/musan.tar.gz (public download, no account; place musan.tar.gz under archives/openslr_17_musan/)",aug
openslr_17_musan,openslr_17_musan/musan/noise/free-sound/noise-free-sound-0631,musan,SLR17,noise,public-domain,"All selected recordings were marked as in the Public Domain
on Free Sound (url: https://www.freesound.org/).",CC BY 4.0: attribution,2026-09-08,yes,"https://www.openslr.org/resources/17/musan.tar.gz (public download, no account; place musan.tar.gz under archives/openslr_17_musan/)",eval-noise
openslr_17_musan,openslr_17_musan/musan/noise/free-sound/noise-free-sound-0632,musan,SLR17,noise,public-domain,"All selected recordings were marked as in the Public Domain
on Free Sound (url: https://www.freesound.org/).",CC BY 4.0: attribution,2026-09-08,yes,"https://www.openslr.org/resources/17/musan.tar.gz (public download, no account; place musan.tar.gz under archives/openslr_17_musan/)",aug
openslr_17_musan,openslr_17_musan/musan/noise/free-sound/noise-free-sound-0633,musan,SLR17,noise,public-domain,"All selected recordings were marked as in the Public Domain
on Free Sound (url: https://www.freesound.org/).",CC BY 4.0: attribution,2026-09-08,yes,"https://www.openslr.org/resources/17/musan.tar.gz (public download, no account; place musan.tar.gz under archives/openslr_17_musan/)",aug
openslr_17_musan,openslr_17_musan/musan/noise/free-sound/noise-free-sound-0634,musan,SLR17,noise,public-domain,"All selected recordings were marked as in the Public Domain
on Free Sound (url: https://www.freesound.org/).",CC BY 4.0: attribution,2026-09-08,yes,"https://www.openslr.org/resources/17/musan.tar.gz (public download, no account; place musan.tar.gz under archives/openslr_17_musan/)",aug
openslr_17_musan,openslr_17_musan/musan/noise/free-sound/noise-free-sound-0635,musan,SLR17,noise,public-domain,"All selected recordings were marked as in the Public Domain
on Free Sound (url: https://www.freesound.org/).",CC BY 4.0: attribution,2026-09-08,yes,"https://www.openslr.org/resources/17/musan.tar.gz (public download, no account; place musan.tar.gz under archives/openslr_17_musan/)",aug
openslr_17_musan,openslr_17_musan/musan/noise/free-sound/noise-free-sound-0636,musan,SLR17,noise,public-domain,"All selected recordings were marked as in the Public Domain
on Free Sound (url: https://www.freesound.org/).",CC BY 4.0: attribution,2026-09-08,yes,"https://www.openslr.org/resources/17/musan.tar.gz (public download, no account; place musan.tar.gz under archives/openslr_17_musan/)",aug
openslr_17_musan,openslr_17_musan/musan/noise/free-sound/noise-free-sound-0637,musan,SLR17,noise,public-domain,"All selected recordings were marked as in the Public Domain
on Free Sound (url: https://www.freesound.org/).",CC BY 4.0: attribution,2026-09-08,yes,"https://www.openslr.org/resources/17/musan.tar.gz (public download, no account; place musan.tar.gz under archives/openslr_17_musan/)",aug
openslr_17_musan,openslr_17_musan/musan/noise/free-sound/noise-free-sound-0638,musan,SLR17,noise,public-domain,"All selected recordings were marked as in the Public Domain
on Free Sound (url: https://www.freesound.org/).",CC BY 4.0: attribution,2026-09-08,yes,"https://www.openslr.org/resources/17/musan.tar.gz (public download, no account; place musan.tar.gz under archives/openslr_17_musan/)",aug
openslr_17_musan,openslr_17_musan/musan/noise/free-sound/noise-free-sound-0639,musan,SLR17,noise,public-domain,"All selected recordings were marked as in the Public Domain
on Free Sound (url: https://www.freesound.org/).",CC BY 4.0: attribution,2026-09-08,yes,"https://www.openslr.org/resources/17/musan.tar.gz (public download, no account; place musan.tar.gz under archives/openslr_17_musan/)",aug
openslr_17_musan,openslr_17_musan/musan/noise/free-sound/noise-free-sound-0640,musan,SLR17,noise,public-domain,"All selected recordings were marked as in the Public Domain
on Free Sound (url: https://www.freesound.org/).",CC BY 4.0: attribution,2026-09-08,yes,"https://www.openslr.org/resources/17/musan.tar.gz (public download, no account; place musan.tar.gz under archives/openslr_17_musan/)",aug
openslr_17_musan,openslr_17_musan/musan/noise/free-sound/noise-free-sound-0641,musan,SLR17,noise,public-domain,"All selected recordings were marked as in the Public Domain
on Free Sound (url: https://www.freesound.org/).",CC BY 4.0: attribution,2026-09-08,yes,"https://www.openslr.org/resources/17/musan.tar.gz (public download, no account; place musan.tar.gz under archives/openslr_17_musan/)",aug
openslr_17_musan,openslr_17_musan/musan/noise/free-sound/noise-free-sound-0642,musan,SLR17,noise,public-domain,"All selected recordings were marked as in the Public Domain
on Free Sound (url: https://www.freesound.org/).",CC BY 4.0: attribution,2026-09-08,yes,"https://www.openslr.org/resources/17/musan.tar.gz (public download, no account; place musan.tar.gz under archives/openslr_17_musan/)",aug
openslr_17_musan,openslr_17_musan/musan/noise/free-sound/noise-free-sound-0643,musan,SLR17,noise,public-domain,"All selected recordings were marked as in the Public Domain
on Free Sound (url: https://www.freesound.org/).",CC BY 4.0: attribution,2026-09-08,yes,"https://www.openslr.org/resources/17/musan.tar.gz (public download, no account; place musan.tar.gz under archives/openslr_17_musan/)",eval-noise
openslr_17_musan,openslr_17_musan/musan/noise/free-sound/noise-free-sound-0644,musan,SLR17,noise,public-domain,"All selected recordings were marked as in the Public Domain
on Free Sound (url: https://www.freesound.org/).",CC BY 4.0: attribution,2026-09-08,yes,"https://www.openslr.org/resources/17/musan.tar.gz (public download, no account; place musan.tar.gz under archives/openslr_17_musan/)",aug
openslr_17_musan,openslr_17_musan/musan/noise/free-sound/noise-free-sound-0645,musan,SLR17,noise,public-domain,"All selected recordings were marked as in the Public Domain
on Free Sound (url: https://www.freesound.org/).",CC BY 4.0: attribution,2026-09-08,yes,"https://www.openslr.org/resources/17/musan.tar.gz (public download, no account; place musan.tar.gz under archives/openslr_17_musan/)",aug
openslr_17_musan,openslr_17_musan/musan/noise/free-sound/noise-free-sound-0646,musan,SLR17,noise,public-domain,"All selected recordings were marked as in the Public Domain
on Free Sound (url: https://www.freesound.org/).",CC BY 4.0: attribution,2026-09-08,yes,"https://www.openslr.org/resources/17/musan.tar.gz (public download, no account; place musan.tar.gz under archives/openslr_17_musan/)",aug
openslr_17_musan,openslr_17_musan/musan/noise/free-sound/noise-free-sound-0647,musan,SLR17,noise,public-domain,"All selected recordings were marked as in the Public Domain
on Free Sound (url: https://www.freesound.org/).",CC BY 4.0: attribution,2026-09-08,yes,"https://www.openslr.org/resources/17/musan.tar.gz (public download, no account; place musan.tar.gz under archives/openslr_17_musan/)",aug
openslr_17_musan,openslr_17_musan/musan/noise/free-sound/noise-free-sound-0648,musan,SLR17,noise,public-domain,"All selected recordings were marked as in the Public Domain
on Free Sound (url: https://www.freesound.org/).",CC BY 4.0: attribution,2026-09-08,yes,"https://www.openslr.org/resources/17/musan.tar.gz (public download, no account; place musan.tar.gz under archives/openslr_17_musan/)",aug
openslr_17_musan,openslr_17_musan/musan/noise/free-sound/noise-free-sound-0649,musan,SLR17,noise,public-domain,"All selected recordings were marked as in the Public Domain
on Free Sound (url: https://www.freesound.org/).",CC BY 4.0: attribution,2026-09-08,yes,"https://www.openslr.org/resources/17/musan.tar.gz (public download, no account; place musan.tar.gz under archives/openslr_17_musan/)",aug
openslr_17_musan,openslr_17_musan/musan/noise/free-sound/noise-free-sound-0650,musan,SLR17,noise,public-domain,"All selected recordings were marked as in the Public Domain
on Free Sound (url: https://www.freesound.org/).",CC BY 4.0: attribution,2026-09-08,yes,"https://www.openslr.org/resources/17/musan.tar.gz (public download, no account; place musan.tar.gz under archives/openslr_17_musan/)",aug
openslr_17_musan,openslr_17_musan/musan/noise/free-sound/noise-free-sound-0651,musan,SLR17,noise,public-domain,"All selected recordings were marked as in the Public Domain
on Free Sound (url: https://www.freesound.org/).",CC BY 4.0: attribution,2026-09-08,yes,"https://www.openslr.org/resources/17/musan.tar.gz (public download, no account; place musan.tar.gz under archives/openslr_17_musan/)",aug
openslr_17_musan,openslr_17_musan/musan/noise/free-sound/noise-free-sound-0652,musan,SLR17,noise,public-domain,"All selected recordings were marked as in the Public Domain
on Free Sound (url: https://www.freesound.org/).",CC BY 4.0: attribution,2026-09-08,yes,"https://www.openslr.org/resources/17/musan.tar.gz (public download, no account; place musan.tar.gz under archives/openslr_17_musan/)",aug
openslr_17_musan,openslr_17_musan/musan/noise/free-sound/noise-free-sound-0653,musan,SLR17,noise,public-domain,"All selected recordings were marked as in the Public Domain
on Free Sound (url: https://www.freesound.org/).",CC BY 4.0: attribution,2026-09-08,yes,"https://www.openslr.org/resources/17/musan.tar.gz (public download, no account; place musan.tar.gz under archives/openslr_17_musan/)",aug
openslr_17_musan,openslr_17_musan/musan/noise/free-sound/noise-free-sound-0654,musan,SLR17,noise,public-domain,"All selected recordings were marked as in the Public Domain
on Free Sound (url: https://www.freesound.org/).",CC BY 4.0: attribution,2026-09-08,yes,"https://www.openslr.org/resources/17/musan.tar.gz (public download, no account; place musan.tar.gz under archives/openslr_17_musan/)",aug
openslr_17_musan,openslr_17_musan/musan/noise/free-sound/noise-free-sound-0655,musan,SLR17,noise,public-domain,"All selected recordings were marked as in the Public Domain
on Free Sound (url: https://www.freesound.org/).",CC BY 4.0: attribution,2026-09-08,yes,"https://www.openslr.org/resources/17/musan.tar.gz (public download, no account; place musan.tar.gz under archives/openslr_17_musan/)",aug
openslr_17_musan,openslr_17_musan/musan/noise/free-sound/noise-free-sound-0656,musan,SLR17,noise,public-domain,"All selected recordings were marked as in the Public Domain
on Free Sound (url: https://www.freesound.org/).",CC BY 4.0: attribution,2026-09-08,yes,"https://www.openslr.org/resources/17/musan.tar.gz (public download, no account; place musan.tar.gz under archives/openslr_17_musan/)",aug
openslr_17_musan,openslr_17_musan/musan/noise/free-sound/noise-free-sound-0657,musan,SLR17,noise,public-domain,"All selected recordings were marked as in the Public Domain
on Free Sound (url: https://www.freesound.org/).",CC BY 4.0: attribution,2026-09-08,yes,"https://www.openslr.org/resources/17/musan.tar.gz (public download, no account; place musan.tar.gz under archives/openslr_17_musan/)",aug
openslr_17_musan,openslr_17_musan/musan/noise/free-sound/noise-free-sound-0658,musan,SLR17,noise,public-domain,"All selected recordings were marked as in the Public Domain
on Free Sound (url: https://www.freesound.org/).",CC BY 4.0: attribution,2026-09-08,yes,"https://www.openslr.org/resources/17/musan.tar.gz (public download, no account; place musan.tar.gz under archives/openslr_17_musan/)",aug
openslr_17_musan,openslr_17_musan/musan/noise/free-sound/noise-free-sound-0659,musan,SLR17,noise,public-domain,"All selected recordings were marked as in the Public Domain
on Free Sound (url: https://www.freesound.org/).",CC BY 4.0: attribution,2026-09-08,yes,"https://www.openslr.org/resources/17/musan.tar.gz (public download, no account; place musan.tar.gz under archives/openslr_17_musan/)",aug
openslr_17_musan,openslr_17_musan/musan/noise/free-sound/noise-free-sound-0660,musan,SLR17,noise,public-domain,"All selected recordings were marked as in the Public Domain
on Free Sound (url: https://www.freesound.org/).",CC BY 4.0: attribution,2026-09-08,yes,"https://www.openslr.org/resources/17/musan.tar.gz (public download, no account; place musan.tar.gz under archives/openslr_17_musan/)",aug
openslr_17_musan,openslr_17_musan/musan/noise/free-sound/noise-free-sound-0661,musan,SLR17,noise,public-domain,"All selected recordings were marked as in the Public Domain
on Free Sound (url: https://www.freesound.org/).",CC BY 4.0: attribution,2026-09-08,yes,"https://www.openslr.org/resources/17/musan.tar.gz (public download, no account; place musan.tar.gz under archives/openslr_17_musan/)",aug
openslr_17_musan,openslr_17_musan/musan/noise/free-sound/noise-free-sound-0662,musan,SLR17,noise,public-domain,"All selected recordings were marked as in the Public Domain
on Free Sound (url: https://www.freesound.org/).",CC BY 4.0: attribution,2026-09-08,yes,"https://www.openslr.org/resources/17/musan.tar.gz (public download, no account; place musan.tar.gz under archives/openslr_17_musan/)",aug
openslr_17_musan,openslr_17_musan/musan/noise/free-sound/noise-free-sound-0663,musan,SLR17,noise,public-domain,"All selected recordings were marked as in the Public Domain
on Free Sound (url: https://www.freesound.org/).",CC BY 4.0: attribution,2026-09-08,yes,"https://www.openslr.org/resources/17/musan.tar.gz (public download, no account; place musan.tar.gz under archives/openslr_17_musan/)",eval-noise
openslr_17_musan,openslr_17_musan/musan/noise/free-sound/noise-free-sound-0664,musan,SLR17,noise,public-domain,"All selected recordings were marked as in the Public Domain
on Free Sound (url: https://www.freesound.org/).",CC BY 4.0: attribution,2026-09-08,yes,"https://www.openslr.org/resources/17/musan.tar.gz (public download, no account; place musan.tar.gz under archives/openslr_17_musan/)",aug
openslr_17_musan,openslr_17_musan/musan/noise/free-sound/noise-free-sound-0665,musan,SLR17,noise,public-domain,"All selected recordings were marked as in the Public Domain
on Free Sound (url: https://www.freesound.org/).",CC BY 4.0: attribution,2026-09-08,yes,"https://www.openslr.org/resources/17/musan.tar.gz (public download, no account; place musan.tar.gz under archives/openslr_17_musan/)",aug
openslr_17_musan,openslr_17_musan/musan/noise/free-sound/noise-free-sound-0666,musan,SLR17,noise,public-domain,"All selected recordings were marked as in the Public Domain
on Free Sound (url: https://www.freesound.org/).",CC BY 4.0: attribution,2026-09-08,yes,"https://www.openslr.org/resources/17/musan.tar.gz (public download, no account; place musan.tar.gz under archives/openslr_17_musan/)",aug
openslr_17_musan,openslr_17_musan/musan/noise/free-sound/noise-free-sound-0667,musan,SLR17,noise,public-domain,"All selected recordings were marked as in the Public Domain
on Free Sound (url: https://www.freesound.org/).",CC BY 4.0: attribution,2026-09-08,yes,"https://www.openslr.org/resources/17/musan.tar.gz (public download, no account; place musan.tar.gz under archives/openslr_17_musan/)",eval-noise
openslr_17_musan,openslr_17_musan/musan/noise/free-sound/noise-free-sound-0668,musan,SLR17,noise,public-domain,"All selected recordings were marked as in the Public Domain
on Free Sound (url: https://www.freesound.org/).",CC BY 4.0: attribution,2026-09-08,yes,"https://www.openslr.org/resources/17/musan.tar.gz (public download, no account; place musan.tar.gz under archives/openslr_17_musan/)",aug
openslr_17_musan,openslr_17_musan/musan/noise/free-sound/noise-free-sound-0669,musan,SLR17,noise,public-domain,"All selected recordings were marked as in the Public Domain
on Free Sound (url: https://www.freesound.org/).",CC BY 4.0: attribution,2026-09-08,yes,"https://www.openslr.org/resources/17/musan.tar.gz (public download, no account; place musan.tar.gz under archives/openslr_17_musan/)",aug
openslr_17_musan,openslr_17_musan/musan/noise/free-sound/noise-free-sound-0670,musan,SLR17,noise,public-domain,"All selected recordings were marked as in the Public Domain
on Free Sound (url: https://www.freesound.org/).",CC BY 4.0: attribution,2026-09-08,yes,"https://www.openslr.org/resources/17/musan.tar.gz (public download, no account; place musan.tar.gz under archives/openslr_17_musan/)",aug
openslr_17_musan,openslr_17_musan/musan/noise/free-sound/noise-free-sound-0671,musan,SLR17,noise,public-domain,"All selected recordings were marked as in the Public Domain
on Free Sound (url: https://www.freesound.org/).",CC BY 4.0: attribution,2026-09-08,yes,"https://www.openslr.org/resources/17/musan.tar.gz (public download, no account; place musan.tar.gz under archives/openslr_17_musan/)",aug
openslr_17_musan,openslr_17_musan/musan/noise/free-sound/noise-free-sound-0672,musan,SLR17,noise,public-domain,"All selected recordings were marked as in the Public Domain
on Free Sound (url: https://www.freesound.org/).",CC BY 4.0: attribution,2026-09-08,yes,"https://www.openslr.org/resources/17/musan.tar.gz (public download, no account; place musan.tar.gz under archives/openslr_17_musan/)",aug
openslr_17_musan,openslr_17_musan/musan/noise/free-sound/noise-free-sound-0673,musan,SLR17,noise,public-domain,"All selected recordings were marked as in the Public Domain
on Free Sound (url: https://www.freesound.org/).",CC BY 4.0: attribution,2026-09-08,yes,"https://www.openslr.org/resources/17/musan.tar.gz (public download, no account; place musan.tar.gz under archives/openslr_17_musan/)",aug
openslr_17_musan,openslr_17_musan/musan/noise/free-sound/noise-free-sound-0674,musan,SLR17,noise,public-domain,"All selected recordings were marked as in the Public Domain
on Free Sound (url: https://www.freesound.org/).",CC BY 4.0: attribution,2026-09-08,yes,"https://www.openslr.org/resources/17/musan.tar.gz (public download, no account; place musan.tar.gz under archives/openslr_17_musan/)",aug
openslr_17_musan,openslr_17_musan/musan/noise/free-sound/noise-free-sound-0675,musan,SLR17,noise,public-domain,"All selected recordings were marked as in the Public Domain
on Free Sound (url: https://www.freesound.org/).",CC BY 4.0: attribution,2026-09-08,yes,"https://www.openslr.org/resources/17/musan.tar.gz (public download, no account; place musan.tar.gz under archives/openslr_17_musan/)",aug
openslr_17_musan,openslr_17_musan/musan/noise/free-sound/noise-free-sound-0676,musan,SLR17,noise,public-domain,"All selected recordings were marked as in the Public Domain
on Free Sound (url: https://www.freesound.org/).",CC BY 4.0: attribution,2026-09-08,yes,"https://www.openslr.org/resources/17/musan.tar.gz (public download, no account; place musan.tar.gz under archives/openslr_17_musan/)",aug
openslr_17_musan,openslr_17_musan/musan/noise/free-sound/noise-free-sound-0677,musan,SLR17,noise,public-domain,"All selected recordings were marked as in the Public Domain
on Free Sound (url: https://www.freesound.org/).",CC BY 4.0: attribution,2026-09-08,yes,"https://www.openslr.org/resources/17/musan.tar.gz (public download, no account; place musan.tar.gz under archives/openslr_17_musan/)",aug
openslr_17_musan,openslr_17_musan/musan/noise/free-sound/noise-free-sound-0678,musan,SLR17,noise,public-domain,"All selected recordings were marked as in the Public Domain
on Free Sound (url: https://www.freesound.org/).",CC BY 4.0: attribution,2026-09-08,yes,"https://www.openslr.org/resources/17/musan.tar.gz (public download, no account; place musan.tar.gz under archives/openslr_17_musan/)",eval-noise
openslr_17_musan,openslr_17_musan/musan/noise/free-sound/noise-free-sound-0679,musan,SLR17,noise,public-domain,"All selected recordings were marked as in the Public Domain
on Free Sound (url: https://www.freesound.org/).",CC BY 4.0: attribution,2026-09-08,yes,"https://www.openslr.org/resources/17/musan.tar.gz (public download, no account; place musan.tar.gz under archives/openslr_17_musan/)",aug
openslr_17_musan,openslr_17_musan/musan/noise/free-sound/noise-free-sound-0680,musan,SLR17,noise,public-domain,"All selected recordings were marked as in the Public Domain
on Free Sound (url: https://www.freesound.org/).",CC BY 4.0: attribution,2026-09-08,yes,"https://www.openslr.org/resources/17/musan.tar.gz (public download, no account; place musan.tar.gz under archives/openslr_17_musan/)",eval-noise
openslr_17_musan,openslr_17_musan/musan/noise/free-sound/noise-free-sound-0681,musan,SLR17,noise,public-domain,"All selected recordings were marked as in the Public Domain
on Free Sound (url: https://www.freesound.org/).",CC BY 4.0: attribution,2026-09-08,yes,"https://www.openslr.org/resources/17/musan.tar.gz (public download, no account; place musan.tar.gz under archives/openslr_17_musan/)",aug
openslr_17_musan,openslr_17_musan/musan/noise/free-sound/noise-free-sound-0682,musan,SLR17,noise,public-domain,"All selected recordings were marked as in the Public Domain
on Free Sound (url: https://www.freesound.org/).",CC BY 4.0: attribution,2026-09-08,yes,"https://www.openslr.org/resources/17/musan.tar.gz (public download, no account; place musan.tar.gz under archives/openslr_17_musan/)",aug
openslr_17_musan,openslr_17_musan/musan/noise/free-sound/noise-free-sound-0683,musan,SLR17,noise,public-domain,"All selected recordings were marked as in the Public Domain
on Free Sound (url: https://www.freesound.org/).",CC BY 4.0: attribution,2026-09-08,yes,"https://www.openslr.org/resources/17/musan.tar.gz (public download, no account; place musan.tar.gz under archives/openslr_17_musan/)",eval-noise
openslr_17_musan,openslr_17_musan/musan/noise/free-sound/noise-free-sound-0684,musan,SLR17,noise,public-domain,"All selected recordings were marked as in the Public Domain
on Free Sound (url: https://www.freesound.org/).",CC BY 4.0: attribution,2026-09-08,yes,"https://www.openslr.org/resources/17/musan.tar.gz (public download, no account; place musan.tar.gz under archives/openslr_17_musan/)",aug
openslr_17_musan,openslr_17_musan/musan/noise/free-sound/noise-free-sound-0685,musan,SLR17,noise,public-domain,"All selected recordings were marked as in the Public Domain
on Free Sound (url: https://www.freesound.org/).",CC BY 4.0: attribution,2026-09-08,yes,"https://www.openslr.org/resources/17/musan.tar.gz (public download, no account; place musan.tar.gz under archives/openslr_17_musan/)",eval-noise
openslr_17_musan,openslr_17_musan/musan/noise/free-sound/noise-free-sound-0686,musan,SLR17,noise,public-domain,"All selected recordings were marked as in the Public Domain
on Free Sound (url: https://www.freesound.org/).",CC BY 4.0: attribution,2026-09-08,yes,"https://www.openslr.org/resources/17/musan.tar.gz (public download, no account; place musan.tar.gz under archives/openslr_17_musan/)",aug
openslr_17_musan,openslr_17_musan/musan/noise/free-sound/noise-free-sound-0687,musan,SLR17,noise,public-domain,"All selected recordings were marked as in the Public Domain
on Free Sound (url: https://www.freesound.org/).",CC BY 4.0: attribution,2026-09-08,yes,"https://www.openslr.org/resources/17/musan.tar.gz (public download, no account; place musan.tar.gz under archives/openslr_17_musan/)",aug
openslr_17_musan,openslr_17_musan/musan/noise/free-sound/noise-free-sound-0688,musan,SLR17,noise,public-domain,"All selected recordings were marked as in the Public Domain
on Free Sound (url: https://www.freesound.org/).",CC BY 4.0: attribution,2026-09-08,yes,"https://www.openslr.org/resources/17/musan.tar.gz (public download, no account; place musan.tar.gz under archives/openslr_17_musan/)",aug
openslr_17_musan,openslr_17_musan/musan/noise/free-sound/noise-free-sound-0689,musan,SLR17,noise,public-domain,"All selected recordings were marked as in the Public Domain
on Free Sound (url: https://www.freesound.org/).",CC BY 4.0: attribution,2026-09-08,yes,"https://www.openslr.org/resources/17/musan.tar.gz (public download, no account; place musan.tar.gz under archives/openslr_17_musan/)",aug
openslr_17_musan,openslr_17_musan/musan/noise/free-sound/noise-free-sound-0690,musan,SLR17,noise,public-domain,"All selected recordings were marked as in the Public Domain
on Free Sound (url: https://www.freesound.org/).",CC BY 4.0: attribution,2026-09-08,yes,"https://www.openslr.org/resources/17/musan.tar.gz (public download, no account; place musan.tar.gz under archives/openslr_17_musan/)",eval-noise
openslr_17_musan,openslr_17_musan/musan/noise/free-sound/noise-free-sound-0691,musan,SLR17,noise,public-domain,"All selected recordings were marked as in the Public Domain
on Free Sound (url: https://www.freesound.org/).",CC BY 4.0: attribution,2026-09-08,yes,"https://www.openslr.org/resources/17/musan.tar.gz (public download, no account; place musan.tar.gz under archives/openslr_17_musan/)",eval-noise
openslr_17_musan,openslr_17_musan/musan/noise/free-sound/noise-free-sound-0692,musan,SLR17,noise,public-domain,"All selected recordings were marked as in the Public Domain
on Free Sound (url: https://www.freesound.org/).",CC BY 4.0: attribution,2026-09-08,yes,"https://www.openslr.org/resources/17/musan.tar.gz (public download, no account; place musan.tar.gz under archives/openslr_17_musan/)",aug
openslr_17_musan,openslr_17_musan/musan/noise/free-sound/noise-free-sound-0693,musan,SLR17,noise,public-domain,"All selected recordings were marked as in the Public Domain
on Free Sound (url: https://www.freesound.org/).",CC BY 4.0: attribution,2026-09-08,yes,"https://www.openslr.org/resources/17/musan.tar.gz (public download, no account; place musan.tar.gz under archives/openslr_17_musan/)",eval-noise
openslr_17_musan,openslr_17_musan/musan/noise/free-sound/noise-free-sound-0694,musan,SLR17,noise,public-domain,"All selected recordings were marked as in the Public Domain
on Free Sound (url: https://www.freesound.org/).",CC BY 4.0: attribution,2026-09-08,yes,"https://www.openslr.org/resources/17/musan.tar.gz (public download, no account; place musan.tar.gz under archives/openslr_17_musan/)",aug
openslr_17_musan,openslr_17_musan/musan/noise/free-sound/noise-free-sound-0695,musan,SLR17,noise,public-domain,"All selected recordings were marked as in the Public Domain
on Free Sound (url: https://www.freesound.org/).",CC BY 4.0: attribution,2026-09-08,yes,"https://www.openslr.org/resources/17/musan.tar.gz (public download, no account; place musan.tar.gz under archives/openslr_17_musan/)",aug
openslr_17_musan,openslr_17_musan/musan/noise/free-sound/noise-free-sound-0696,musan,SLR17,noise,public-domain,"All selected recordings were marked as in the Public Domain
on Free Sound (url: https://www.freesound.org/).",CC BY 4.0: attribution,2026-09-08,yes,"https://www.openslr.org/resources/17/musan.tar.gz (public download, no account; place musan.tar.gz under archives/openslr_17_musan/)",aug
openslr_17_musan,openslr_17_musan/musan/noise/free-sound/noise-free-sound-0697,musan,SLR17,noise,public-domain,"All selected recordings were marked as in the Public Domain
on Free Sound (url: https://www.freesound.org/).",CC BY 4.0: attribution,2026-09-08,yes,"https://www.openslr.org/resources/17/musan.tar.gz (public download, no account; place musan.tar.gz under archives/openslr_17_musan/)",aug
openslr_17_musan,openslr_17_musan/musan/noise/free-sound/noise-free-sound-0698,musan,SLR17,noise,public-domain,"All selected recordings were marked as in the Public Domain
on Free Sound (url: https://www.freesound.org/).",CC BY 4.0: attribution,2026-09-08,yes,"https://www.openslr.org/resources/17/musan.tar.gz (public download, no account; place musan.tar.gz under archives/openslr_17_musan/)",aug
openslr_17_musan,openslr_17_musan/musan/noise/free-sound/noise-free-sound-0699,musan,SLR17,noise,public-domain,"All selected recordings were marked as in the Public Domain
on Free Sound (url: https://www.freesound.org/).",CC BY 4.0: attribution,2026-09-08,yes,"https://www.openslr.org/resources/17/musan.tar.gz (public download, no account; place musan.tar.gz under archives/openslr_17_musan/)",aug
openslr_17_musan,openslr_17_musan/musan/noise/free-sound/noise-free-sound-0700,musan,SLR17,noise,public-domain,"All selected recordings were marked as in the Public Domain
on Free Sound (url: https://www.freesound.org/).",CC BY 4.0: attribution,2026-09-08,yes,"https://www.openslr.org/resources/17/musan.tar.gz (public download, no account; place musan.tar.gz under archives/openslr_17_musan/)",eval-noise
openslr_17_musan,openslr_17_musan/musan/noise/free-sound/noise-free-sound-0701,musan,SLR17,noise,public-domain,"All selected recordings were marked as in the Public Domain
on Free Sound (url: https://www.freesound.org/).",CC BY 4.0: attribution,2026-09-08,yes,"https://www.openslr.org/resources/17/musan.tar.gz (public download, no account; place musan.tar.gz under archives/openslr_17_musan/)",aug
openslr_17_musan,openslr_17_musan/musan/noise/free-sound/noise-free-sound-0702,musan,SLR17,noise,public-domain,"All selected recordings were marked as in the Public Domain
on Free Sound (url: https://www.freesound.org/).",CC BY 4.0: attribution,2026-09-08,yes,"https://www.openslr.org/resources/17/musan.tar.gz (public download, no account; place musan.tar.gz under archives/openslr_17_musan/)",aug
openslr_17_musan,openslr_17_musan/musan/noise/free-sound/noise-free-sound-0703,musan,SLR17,noise,public-domain,"All selected recordings were marked as in the Public Domain
on Free Sound (url: https://www.freesound.org/).",CC BY 4.0: attribution,2026-09-08,yes,"https://www.openslr.org/resources/17/musan.tar.gz (public download, no account; place musan.tar.gz under archives/openslr_17_musan/)",aug
openslr_17_musan,openslr_17_musan/musan/noise/free-sound/noise-free-sound-0704,musan,SLR17,noise,public-domain,"All selected recordings were marked as in the Public Domain
on Free Sound (url: https://www.freesound.org/).",CC BY 4.0: attribution,2026-09-08,yes,"https://www.openslr.org/resources/17/musan.tar.gz (public download, no account; place musan.tar.gz under archives/openslr_17_musan/)",aug
openslr_17_musan,openslr_17_musan/musan/noise/free-sound/noise-free-sound-0705,musan,SLR17,noise,public-domain,"All selected recordings were marked as in the Public Domain
on Free Sound (url: https://www.freesound.org/).",CC BY 4.0: attribution,2026-09-08,yes,"https://www.openslr.org/resources/17/musan.tar.gz (public download, no account; place musan.tar.gz under archives/openslr_17_musan/)",aug
openslr_17_musan,openslr_17_musan/musan/noise/free-sound/noise-free-sound-0706,musan,SLR17,noise,public-domain,"All selected recordings were marked as in the Public Domain
on Free Sound (url: https://www.freesound.org/).",CC BY 4.0: attribution,2026-09-08,yes,"https://www.openslr.org/resources/17/musan.tar.gz (public download, no account; place musan.tar.gz under archives/openslr_17_musan/)",aug
openslr_17_musan,openslr_17_musan/musan/noise/free-sound/noise-free-sound-0707,musan,SLR17,noise,public-domain,"All selected recordings were marked as in the Public Domain
on Free Sound (url: https://www.freesound.org/).",CC BY 4.0: attribution,2026-09-08,yes,"https://www.openslr.org/resources/17/musan.tar.gz (public download, no account; place musan.tar.gz under archives/openslr_17_musan/)",aug
openslr_17_musan,openslr_17_musan/musan/noise/free-sound/noise-free-sound-0708,musan,SLR17,noise,public-domain,"All selected recordings were marked as in the Public Domain
on Free Sound (url: https://www.freesound.org/).",CC BY 4.0: attribution,2026-09-08,yes,"https://www.openslr.org/resources/17/musan.tar.gz (public download, no account; place musan.tar.gz under archives/openslr_17_musan/)",aug
openslr_17_musan,openslr_17_musan/musan/noise/free-sound/noise-free-sound-0709,musan,SLR17,noise,public-domain,"All selected recordings were marked as in the Public Domain
on Free Sound (url: https://www.freesound.org/).",CC BY 4.0: attribution,2026-09-08,yes,"https://www.openslr.org/resources/17/musan.tar.gz (public download, no account; place musan.tar.gz under archives/openslr_17_musan/)",aug
openslr_17_musan,openslr_17_musan/musan/noise/free-sound/noise-free-sound-0710,musan,SLR17,noise,public-domain,"All selected recordings were marked as in the Public Domain
on Free Sound (url: https://www.freesound.org/).",CC BY 4.0: attribution,2026-09-08,yes,"https://www.openslr.org/resources/17/musan.tar.gz (public download, no account; place musan.tar.gz under archives/openslr_17_musan/)",aug
openslr_17_musan,openslr_17_musan/musan/noise/free-sound/noise-free-sound-0711,musan,SLR17,noise,public-domain,"All selected recordings were marked as in the Public Domain
on Free Sound (url: https://www.freesound.org/).",CC BY 4.0: attribution,2026-09-08,yes,"https://www.openslr.org/resources/17/musan.tar.gz (public download, no account; place musan.tar.gz under archives/openslr_17_musan/)",aug
openslr_17_musan,openslr_17_musan/musan/noise/free-sound/noise-free-sound-0712,musan,SLR17,noise,public-domain,"All selected recordings were marked as in the Public Domain
on Free Sound (url: https://www.freesound.org/).",CC BY 4.0: attribution,2026-09-08,yes,"https://www.openslr.org/resources/17/musan.tar.gz (public download, no account; place musan.tar.gz under archives/openslr_17_musan/)",aug
openslr_17_musan,openslr_17_musan/musan/noise/free-sound/noise-free-sound-0713,musan,SLR17,noise,public-domain,"All selected recordings were marked as in the Public Domain
on Free Sound (url: https://www.freesound.org/).",CC BY 4.0: attribution,2026-09-08,yes,"https://www.openslr.org/resources/17/musan.tar.gz (public download, no account; place musan.tar.gz under archives/openslr_17_musan/)",aug
openslr_17_musan,openslr_17_musan/musan/noise/free-sound/noise-free-sound-0714,musan,SLR17,noise,public-domain,"All selected recordings were marked as in the Public Domain
on Free Sound (url: https://www.freesound.org/).",CC BY 4.0: attribution,2026-09-08,yes,"https://www.openslr.org/resources/17/musan.tar.gz (public download, no account; place musan.tar.gz under archives/openslr_17_musan/)",aug
openslr_17_musan,openslr_17_musan/musan/noise/free-sound/noise-free-sound-0715,musan,SLR17,noise,public-domain,"All selected recordings were marked as in the Public Domain
on Free Sound (url: https://www.freesound.org/).",CC BY 4.0: attribution,2026-09-08,yes,"https://www.openslr.org/resources/17/musan.tar.gz (public download, no account; place musan.tar.gz under archives/openslr_17_musan/)",aug
openslr_17_musan,openslr_17_musan/musan/noise/free-sound/noise-free-sound-0716,musan,SLR17,noise,public-domain,"All selected recordings were marked as in the Public Domain
on Free Sound (url: https://www.freesound.org/).",CC BY 4.0: attribution,2026-09-08,yes,"https://www.openslr.org/resources/17/musan.tar.gz (public download, no account; place musan.tar.gz under archives/openslr_17_musan/)",aug
openslr_17_musan,openslr_17_musan/musan/noise/free-sound/noise-free-sound-0717,musan,SLR17,noise,public-domain,"All selected recordings were marked as in the Public Domain
on Free Sound (url: https://www.freesound.org/).",CC BY 4.0: attribution,2026-09-08,yes,"https://www.openslr.org/resources/17/musan.tar.gz (public download, no account; place musan.tar.gz under archives/openslr_17_musan/)",aug
openslr_17_musan,openslr_17_musan/musan/noise/free-sound/noise-free-sound-0718,musan,SLR17,noise,public-domain,"All selected recordings were marked as in the Public Domain
on Free Sound (url: https://www.freesound.org/).",CC BY 4.0: attribution,2026-09-08,yes,"https://www.openslr.org/resources/17/musan.tar.gz (public download, no account; place musan.tar.gz under archives/openslr_17_musan/)",eval-noise
openslr_17_musan,openslr_17_musan/musan/noise/free-sound/noise-free-sound-0719,musan,SLR17,noise,public-domain,"All selected recordings were marked as in the Public Domain
on Free Sound (url: https://www.freesound.org/).",CC BY 4.0: attribution,2026-09-08,yes,"https://www.openslr.org/resources/17/musan.tar.gz (public download, no account; place musan.tar.gz under archives/openslr_17_musan/)",aug
openslr_17_musan,openslr_17_musan/musan/noise/free-sound/noise-free-sound-0720,musan,SLR17,noise,public-domain,"All selected recordings were marked as in the Public Domain
on Free Sound (url: https://www.freesound.org/).",CC BY 4.0: attribution,2026-09-08,yes,"https://www.openslr.org/resources/17/musan.tar.gz (public download, no account; place musan.tar.gz under archives/openslr_17_musan/)",eval-noise
openslr_17_musan,openslr_17_musan/musan/noise/free-sound/noise-free-sound-0721,musan,SLR17,noise,public-domain,"All selected recordings were marked as in the Public Domain
on Free Sound (url: https://www.freesound.org/).",CC BY 4.0: attribution,2026-09-08,yes,"https://www.openslr.org/resources/17/musan.tar.gz (public download, no account; place musan.tar.gz under archives/openslr_17_musan/)",eval-noise
openslr_17_musan,openslr_17_musan/musan/noise/free-sound/noise-free-sound-0722,musan,SLR17,noise,public-domain,"All selected recordings were marked as in the Public Domain
on Free Sound (url: https://www.freesound.org/).",CC BY 4.0: attribution,2026-09-08,yes,"https://www.openslr.org/resources/17/musan.tar.gz (public download, no account; place musan.tar.gz under archives/openslr_17_musan/)",aug
openslr_17_musan,openslr_17_musan/musan/noise/free-sound/noise-free-sound-0723,musan,SLR17,noise,public-domain,"All selected recordings were marked as in the Public Domain
on Free Sound (url: https://www.freesound.org/).",CC BY 4.0: attribution,2026-09-08,yes,"https://www.openslr.org/resources/17/musan.tar.gz (public download, no account; place musan.tar.gz under archives/openslr_17_musan/)",aug
openslr_17_musan,openslr_17_musan/musan/noise/free-sound/noise-free-sound-0724,musan,SLR17,noise,public-domain,"All selected recordings were marked as in the Public Domain
on Free Sound (url: https://www.freesound.org/).",CC BY 4.0: attribution,2026-09-08,yes,"https://www.openslr.org/resources/17/musan.tar.gz (public download, no account; place musan.tar.gz under archives/openslr_17_musan/)",aug
openslr_17_musan,openslr_17_musan/musan/noise/free-sound/noise-free-sound-0725,musan,SLR17,noise,public-domain,"All selected recordings were marked as in the Public Domain
on Free Sound (url: https://www.freesound.org/).",CC BY 4.0: attribution,2026-09-08,yes,"https://www.openslr.org/resources/17/musan.tar.gz (public download, no account; place musan.tar.gz under archives/openslr_17_musan/)",aug
openslr_17_musan,openslr_17_musan/musan/noise/free-sound/noise-free-sound-0726,musan,SLR17,noise,public-domain,"All selected recordings were marked as in the Public Domain
on Free Sound (url: https://www.freesound.org/).",CC BY 4.0: attribution,2026-09-08,yes,"https://www.openslr.org/resources/17/musan.tar.gz (public download, no account; place musan.tar.gz under archives/openslr_17_musan/)",aug
openslr_17_musan,openslr_17_musan/musan/noise/free-sound/noise-free-sound-0727,musan,SLR17,noise,public-domain,"All selected recordings were marked as in the Public Domain
on Free Sound (url: https://www.freesound.org/).",CC BY 4.0: attribution,2026-09-08,yes,"https://www.openslr.org/resources/17/musan.tar.gz (public download, no account; place musan.tar.gz under archives/openslr_17_musan/)",eval-noise
openslr_17_musan,openslr_17_musan/musan/noise/free-sound/noise-free-sound-0728,musan,SLR17,noise,public-domain,"All selected recordings were marked as in the Public Domain
on Free Sound (url: https://www.freesound.org/).",CC BY 4.0: attribution,2026-09-08,yes,"https://www.openslr.org/resources/17/musan.tar.gz (public download, no account; place musan.tar.gz under archives/openslr_17_musan/)",aug
openslr_17_musan,openslr_17_musan/musan/noise/free-sound/noise-free-sound-0729,musan,SLR17,noise,public-domain,"All selected recordings were marked as in the Public Domain
on Free Sound (url: https://www.freesound.org/).",CC BY 4.0: attribution,2026-09-08,yes,"https://www.openslr.org/resources/17/musan.tar.gz (public download, no account; place musan.tar.gz under archives/openslr_17_musan/)",aug
openslr_17_musan,openslr_17_musan/musan/noise/free-sound/noise-free-sound-0730,musan,SLR17,noise,public-domain,"All selected recordings were marked as in the Public Domain
on Free Sound (url: https://www.freesound.org/).",CC BY 4.0: attribution,2026-09-08,yes,"https://www.openslr.org/resources/17/musan.tar.gz (public download, no account; place musan.tar.gz under archives/openslr_17_musan/)",eval-noise
openslr_17_musan,openslr_17_musan/musan/noise/free-sound/noise-free-sound-0731,musan,SLR17,noise,public-domain,"All selected recordings were marked as in the Public Domain
on Free Sound (url: https://www.freesound.org/).",CC BY 4.0: attribution,2026-09-08,yes,"https://www.openslr.org/resources/17/musan.tar.gz (public download, no account; place musan.tar.gz under archives/openslr_17_musan/)",aug
openslr_17_musan,openslr_17_musan/musan/noise/free-sound/noise-free-sound-0732,musan,SLR17,noise,public-domain,"All selected recordings were marked as in the Public Domain
on Free Sound (url: https://www.freesound.org/).",CC BY 4.0: attribution,2026-09-08,yes,"https://www.openslr.org/resources/17/musan.tar.gz (public download, no account; place musan.tar.gz under archives/openslr_17_musan/)",aug
openslr_17_musan,openslr_17_musan/musan/noise/free-sound/noise-free-sound-0733,musan,SLR17,noise,public-domain,"All selected recordings were marked as in the Public Domain
on Free Sound (url: https://www.freesound.org/).",CC BY 4.0: attribution,2026-09-08,yes,"https://www.openslr.org/resources/17/musan.tar.gz (public download, no account; place musan.tar.gz under archives/openslr_17_musan/)",aug
openslr_17_musan,openslr_17_musan/musan/noise/free-sound/noise-free-sound-0734,musan,SLR17,noise,public-domain,"All selected recordings were marked as in the Public Domain
on Free Sound (url: https://www.freesound.org/).",CC BY 4.0: attribution,2026-09-08,yes,"https://www.openslr.org/resources/17/musan.tar.gz (public download, no account; place musan.tar.gz under archives/openslr_17_musan/)",aug
openslr_17_musan,openslr_17_musan/musan/noise/free-sound/noise-free-sound-0735,musan,SLR17,noise,public-domain,"All selected recordings were marked as in the Public Domain
on Free Sound (url: https://www.freesound.org/).",CC BY 4.0: attribution,2026-09-08,yes,"https://www.openslr.org/resources/17/musan.tar.gz (public download, no account; place musan.tar.gz under archives/openslr_17_musan/)",aug
openslr_17_musan,openslr_17_musan/musan/noise/free-sound/noise-free-sound-0736,musan,SLR17,noise,public-domain,"All selected recordings were marked as in the Public Domain
on Free Sound (url: https://www.freesound.org/).",CC BY 4.0: attribution,2026-09-08,yes,"https://www.openslr.org/resources/17/musan.tar.gz (public download, no account; place musan.tar.gz under archives/openslr_17_musan/)",aug
openslr_17_musan,openslr_17_musan/musan/noise/free-sound/noise-free-sound-0737,musan,SLR17,noise,public-domain,"All selected recordings were marked as in the Public Domain
on Free Sound (url: https://www.freesound.org/).",CC BY 4.0: attribution,2026-09-08,yes,"https://www.openslr.org/resources/17/musan.tar.gz (public download, no account; place musan.tar.gz under archives/openslr_17_musan/)",aug
openslr_17_musan,openslr_17_musan/musan/noise/free-sound/noise-free-sound-0738,musan,SLR17,noise,public-domain,"All selected recordings were marked as in the Public Domain
on Free Sound (url: https://www.freesound.org/).",CC BY 4.0: attribution,2026-09-08,yes,"https://www.openslr.org/resources/17/musan.tar.gz (public download, no account; place musan.tar.gz under archives/openslr_17_musan/)",aug
openslr_17_musan,openslr_17_musan/musan/noise/free-sound/noise-free-sound-0739,musan,SLR17,noise,public-domain,"All selected recordings were marked as in the Public Domain
on Free Sound (url: https://www.freesound.org/).",CC BY 4.0: attribution,2026-09-08,yes,"https://www.openslr.org/resources/17/musan.tar.gz (public download, no account; place musan.tar.gz under archives/openslr_17_musan/)",aug
openslr_17_musan,openslr_17_musan/musan/noise/free-sound/noise-free-sound-0740,musan,SLR17,noise,public-domain,"All selected recordings were marked as in the Public Domain
on Free Sound (url: https://www.freesound.org/).",CC BY 4.0: attribution,2026-09-08,yes,"https://www.openslr.org/resources/17/musan.tar.gz (public download, no account; place musan.tar.gz under archives/openslr_17_musan/)",aug
openslr_17_musan,openslr_17_musan/musan/noise/free-sound/noise-free-sound-0741,musan,SLR17,noise,public-domain,"All selected recordings were marked as in the Public Domain
on Free Sound (url: https://www.freesound.org/).",CC BY 4.0: attribution,2026-09-08,yes,"https://www.openslr.org/resources/17/musan.tar.gz (public download, no account; place musan.tar.gz under archives/openslr_17_musan/)",aug
openslr_17_musan,openslr_17_musan/musan/noise/free-sound/noise-free-sound-0742,musan,SLR17,noise,public-domain,"All selected recordings were marked as in the Public Domain
on Free Sound (url: https://www.freesound.org/).",CC BY 4.0: attribution,2026-09-08,yes,"https://www.openslr.org/resources/17/musan.tar.gz (public download, no account; place musan.tar.gz under archives/openslr_17_musan/)",aug
openslr_17_musan,openslr_17_musan/musan/noise/free-sound/noise-free-sound-0743,musan,SLR17,noise,public-domain,"All selected recordings were marked as in the Public Domain
on Free Sound (url: https://www.freesound.org/).",CC BY 4.0: attribution,2026-09-08,yes,"https://www.openslr.org/resources/17/musan.tar.gz (public download, no account; place musan.tar.gz under archives/openslr_17_musan/)",eval-noise
openslr_17_musan,openslr_17_musan/musan/noise/free-sound/noise-free-sound-0744,musan,SLR17,noise,public-domain,"All selected recordings were marked as in the Public Domain
on Free Sound (url: https://www.freesound.org/).",CC BY 4.0: attribution,2026-09-08,yes,"https://www.openslr.org/resources/17/musan.tar.gz (public download, no account; place musan.tar.gz under archives/openslr_17_musan/)",aug
openslr_17_musan,openslr_17_musan/musan/noise/free-sound/noise-free-sound-0745,musan,SLR17,noise,public-domain,"All selected recordings were marked as in the Public Domain
on Free Sound (url: https://www.freesound.org/).",CC BY 4.0: attribution,2026-09-08,yes,"https://www.openslr.org/resources/17/musan.tar.gz (public download, no account; place musan.tar.gz under archives/openslr_17_musan/)",aug
openslr_17_musan,openslr_17_musan/musan/noise/free-sound/noise-free-sound-0746,musan,SLR17,noise,public-domain,"All selected recordings were marked as in the Public Domain
on Free Sound (url: https://www.freesound.org/).",CC BY 4.0: attribution,2026-09-08,yes,"https://www.openslr.org/resources/17/musan.tar.gz (public download, no account; place musan.tar.gz under archives/openslr_17_musan/)",aug
openslr_17_musan,openslr_17_musan/musan/noise/free-sound/noise-free-sound-0747,musan,SLR17,noise,public-domain,"All selected recordings were marked as in the Public Domain
on Free Sound (url: https://www.freesound.org/).",CC BY 4.0: attribution,2026-09-08,yes,"https://www.openslr.org/resources/17/musan.tar.gz (public download, no account; place musan.tar.gz under archives/openslr_17_musan/)",aug
openslr_17_musan,openslr_17_musan/musan/noise/free-sound/noise-free-sound-0748,musan,SLR17,noise,public-domain,"All selected recordings were marked as in the Public Domain
on Free Sound (url: https://www.freesound.org/).",CC BY 4.0: attribution,2026-09-08,yes,"https://www.openslr.org/resources/17/musan.tar.gz (public download, no account; place musan.tar.gz under archives/openslr_17_musan/)",aug
openslr_17_musan,openslr_17_musan/musan/noise/free-sound/noise-free-sound-0749,musan,SLR17,noise,public-domain,"All selected recordings were marked as in the Public Domain
on Free Sound (url: https://www.freesound.org/).",CC BY 4.0: attribution,2026-09-08,yes,"https://www.openslr.org/resources/17/musan.tar.gz (public download, no account; place musan.tar.gz under archives/openslr_17_musan/)",aug
openslr_17_musan,openslr_17_musan/musan/noise/free-sound/noise-free-sound-0750,musan,SLR17,noise,public-domain,"All selected recordings were marked as in the Public Domain
on Free Sound (url: https://www.freesound.org/).",CC BY 4.0: attribution,2026-09-08,yes,"https://www.openslr.org/resources/17/musan.tar.gz (public download, no account; place musan.tar.gz under archives/openslr_17_musan/)",aug
openslr_17_musan,openslr_17_musan/musan/noise/free-sound/noise-free-sound-0751,musan,SLR17,noise,public-domain,"All selected recordings were marked as in the Public Domain
on Free Sound (url: https://www.freesound.org/).",CC BY 4.0: attribution,2026-09-08,yes,"https://www.openslr.org/resources/17/musan.tar.gz (public download, no account; place musan.tar.gz under archives/openslr_17_musan/)",aug
openslr_17_musan,openslr_17_musan/musan/noise/free-sound/noise-free-sound-0752,musan,SLR17,noise,public-domain,"All selected recordings were marked as in the Public Domain
on Free Sound (url: https://www.freesound.org/).",CC BY 4.0: attribution,2026-09-08,yes,"https://www.openslr.org/resources/17/musan.tar.gz (public download, no account; place musan.tar.gz under archives/openslr_17_musan/)",aug
openslr_17_musan,openslr_17_musan/musan/noise/free-sound/noise-free-sound-0753,musan,SLR17,noise,public-domain,"All selected recordings were marked as in the Public Domain
on Free Sound (url: https://www.freesound.org/).",CC BY 4.0: attribution,2026-09-08,yes,"https://www.openslr.org/resources/17/musan.tar.gz (public download, no account; place musan.tar.gz under archives/openslr_17_musan/)",aug
openslr_17_musan,openslr_17_musan/musan/noise/free-sound/noise-free-sound-0754,musan,SLR17,noise,public-domain,"All selected recordings were marked as in the Public Domain
on Free Sound (url: https://www.freesound.org/).",CC BY 4.0: attribution,2026-09-08,yes,"https://www.openslr.org/resources/17/musan.tar.gz (public download, no account; place musan.tar.gz under archives/openslr_17_musan/)",aug
openslr_17_musan,openslr_17_musan/musan/noise/free-sound/noise-free-sound-0755,musan,SLR17,noise,public-domain,"All selected recordings were marked as in the Public Domain
on Free Sound (url: https://www.freesound.org/).",CC BY 4.0: attribution,2026-09-08,yes,"https://www.openslr.org/resources/17/musan.tar.gz (public download, no account; place musan.tar.gz under archives/openslr_17_musan/)",aug
openslr_17_musan,openslr_17_musan/musan/noise/free-sound/noise-free-sound-0756,musan,SLR17,noise,public-domain,"All selected recordings were marked as in the Public Domain
on Free Sound (url: https://www.freesound.org/).",CC BY 4.0: attribution,2026-09-08,yes,"https://www.openslr.org/resources/17/musan.tar.gz (public download, no account; place musan.tar.gz under archives/openslr_17_musan/)",aug
openslr_17_musan,openslr_17_musan/musan/noise/free-sound/noise-free-sound-0757,musan,SLR17,noise,public-domain,"All selected recordings were marked as in the Public Domain
on Free Sound (url: https://www.freesound.org/).",CC BY 4.0: attribution,2026-09-08,yes,"https://www.openslr.org/resources/17/musan.tar.gz (public download, no account; place musan.tar.gz under archives/openslr_17_musan/)",aug
openslr_17_musan,openslr_17_musan/musan/noise/free-sound/noise-free-sound-0758,musan,SLR17,noise,public-domain,"All selected recordings were marked as in the Public Domain
on Free Sound (url: https://www.freesound.org/).",CC BY 4.0: attribution,2026-09-08,yes,"https://www.openslr.org/resources/17/musan.tar.gz (public download, no account; place musan.tar.gz under archives/openslr_17_musan/)",aug
openslr_17_musan,openslr_17_musan/musan/noise/free-sound/noise-free-sound-0759,musan,SLR17,noise,public-domain,"All selected recordings were marked as in the Public Domain
on Free Sound (url: https://www.freesound.org/).",CC BY 4.0: attribution,2026-09-08,yes,"https://www.openslr.org/resources/17/musan.tar.gz (public download, no account; place musan.tar.gz under archives/openslr_17_musan/)",aug
openslr_17_musan,openslr_17_musan/musan/noise/free-sound/noise-free-sound-0760,musan,SLR17,noise,public-domain,"All selected recordings were marked as in the Public Domain
on Free Sound (url: https://www.freesound.org/).",CC BY 4.0: attribution,2026-09-08,yes,"https://www.openslr.org/resources/17/musan.tar.gz (public download, no account; place musan.tar.gz under archives/openslr_17_musan/)",aug
openslr_17_musan,openslr_17_musan/musan/noise/free-sound/noise-free-sound-0761,musan,SLR17,noise,public-domain,"All selected recordings were marked as in the Public Domain
on Free Sound (url: https://www.freesound.org/).",CC BY 4.0: attribution,2026-09-08,yes,"https://www.openslr.org/resources/17/musan.tar.gz (public download, no account; place musan.tar.gz under archives/openslr_17_musan/)",aug
openslr_17_musan,openslr_17_musan/musan/noise/free-sound/noise-free-sound-0762,musan,SLR17,noise,public-domain,"All selected recordings were marked as in the Public Domain
on Free Sound (url: https://www.freesound.org/).",CC BY 4.0: attribution,2026-09-08,yes,"https://www.openslr.org/resources/17/musan.tar.gz (public download, no account; place musan.tar.gz under archives/openslr_17_musan/)",aug
openslr_17_musan,openslr_17_musan/musan/noise/free-sound/noise-free-sound-0763,musan,SLR17,noise,public-domain,"All selected recordings were marked as in the Public Domain
on Free Sound (url: https://www.freesound.org/).",CC BY 4.0: attribution,2026-09-08,yes,"https://www.openslr.org/resources/17/musan.tar.gz (public download, no account; place musan.tar.gz under archives/openslr_17_musan/)",aug
openslr_17_musan,openslr_17_musan/musan/noise/free-sound/noise-free-sound-0764,musan,SLR17,noise,public-domain,"All selected recordings were marked as in the Public Domain
on Free Sound (url: https://www.freesound.org/).",CC BY 4.0: attribution,2026-09-08,yes,"https://www.openslr.org/resources/17/musan.tar.gz (public download, no account; place musan.tar.gz under archives/openslr_17_musan/)",aug
openslr_17_musan,openslr_17_musan/musan/noise/free-sound/noise-free-sound-0765,musan,SLR17,noise,public-domain,"All selected recordings were marked as in the Public Domain
on Free Sound (url: https://www.freesound.org/).",CC BY 4.0: attribution,2026-09-08,yes,"https://www.openslr.org/resources/17/musan.tar.gz (public download, no account; place musan.tar.gz under archives/openslr_17_musan/)",aug
openslr_17_musan,openslr_17_musan/musan/noise/free-sound/noise-free-sound-0766,musan,SLR17,noise,public-domain,"All selected recordings were marked as in the Public Domain
on Free Sound (url: https://www.freesound.org/).",CC BY 4.0: attribution,2026-09-08,yes,"https://www.openslr.org/resources/17/musan.tar.gz (public download, no account; place musan.tar.gz under archives/openslr_17_musan/)",eval-noise
openslr_17_musan,openslr_17_musan/musan/noise/free-sound/noise-free-sound-0767,musan,SLR17,noise,public-domain,"All selected recordings were marked as in the Public Domain
on Free Sound (url: https://www.freesound.org/).",CC BY 4.0: attribution,2026-09-08,yes,"https://www.openslr.org/resources/17/musan.tar.gz (public download, no account; place musan.tar.gz under archives/openslr_17_musan/)",aug
openslr_17_musan,openslr_17_musan/musan/noise/free-sound/noise-free-sound-0768,musan,SLR17,noise,public-domain,"All selected recordings were marked as in the Public Domain
on Free Sound (url: https://www.freesound.org/).",CC BY 4.0: attribution,2026-09-08,yes,"https://www.openslr.org/resources/17/musan.tar.gz (public download, no account; place musan.tar.gz under archives/openslr_17_musan/)",aug
openslr_17_musan,openslr_17_musan/musan/noise/free-sound/noise-free-sound-0769,musan,SLR17,noise,public-domain,"All selected recordings were marked as in the Public Domain
on Free Sound (url: https://www.freesound.org/).",CC BY 4.0: attribution,2026-09-08,yes,"https://www.openslr.org/resources/17/musan.tar.gz (public download, no account; place musan.tar.gz under archives/openslr_17_musan/)",aug
openslr_17_musan,openslr_17_musan/musan/noise/free-sound/noise-free-sound-0770,musan,SLR17,noise,public-domain,"All selected recordings were marked as in the Public Domain
on Free Sound (url: https://www.freesound.org/).",CC BY 4.0: attribution,2026-09-08,yes,"https://www.openslr.org/resources/17/musan.tar.gz (public download, no account; place musan.tar.gz under archives/openslr_17_musan/)",aug
openslr_17_musan,openslr_17_musan/musan/noise/free-sound/noise-free-sound-0771,musan,SLR17,noise,public-domain,"All selected recordings were marked as in the Public Domain
on Free Sound (url: https://www.freesound.org/).",CC BY 4.0: attribution,2026-09-08,yes,"https://www.openslr.org/resources/17/musan.tar.gz (public download, no account; place musan.tar.gz under archives/openslr_17_musan/)",aug
openslr_17_musan,openslr_17_musan/musan/noise/free-sound/noise-free-sound-0772,musan,SLR17,noise,public-domain,"All selected recordings were marked as in the Public Domain
on Free Sound (url: https://www.freesound.org/).",CC BY 4.0: attribution,2026-09-08,yes,"https://www.openslr.org/resources/17/musan.tar.gz (public download, no account; place musan.tar.gz under archives/openslr_17_musan/)",aug
openslr_17_musan,openslr_17_musan/musan/noise/free-sound/noise-free-sound-0773,musan,SLR17,noise,public-domain,"All selected recordings were marked as in the Public Domain
on Free Sound (url: https://www.freesound.org/).",CC BY 4.0: attribution,2026-09-08,yes,"https://www.openslr.org/resources/17/musan.tar.gz (public download, no account; place musan.tar.gz under archives/openslr_17_musan/)",eval-noise
openslr_17_musan,openslr_17_musan/musan/noise/free-sound/noise-free-sound-0774,musan,SLR17,noise,public-domain,"All selected recordings were marked as in the Public Domain
on Free Sound (url: https://www.freesound.org/).",CC BY 4.0: attribution,2026-09-08,yes,"https://www.openslr.org/resources/17/musan.tar.gz (public download, no account; place musan.tar.gz under archives/openslr_17_musan/)",aug
openslr_17_musan,openslr_17_musan/musan/noise/free-sound/noise-free-sound-0775,musan,SLR17,noise,public-domain,"All selected recordings were marked as in the Public Domain
on Free Sound (url: https://www.freesound.org/).",CC BY 4.0: attribution,2026-09-08,yes,"https://www.openslr.org/resources/17/musan.tar.gz (public download, no account; place musan.tar.gz under archives/openslr_17_musan/)",aug
openslr_17_musan,openslr_17_musan/musan/noise/free-sound/noise-free-sound-0776,musan,SLR17,noise,public-domain,"All selected recordings were marked as in the Public Domain
on Free Sound (url: https://www.freesound.org/).",CC BY 4.0: attribution,2026-09-08,yes,"https://www.openslr.org/resources/17/musan.tar.gz (public download, no account; place musan.tar.gz under archives/openslr_17_musan/)",eval-noise
openslr_17_musan,openslr_17_musan/musan/noise/free-sound/noise-free-sound-0777,musan,SLR17,noise,public-domain,"All selected recordings were marked as in the Public Domain
on Free Sound (url: https://www.freesound.org/).",CC BY 4.0: attribution,2026-09-08,yes,"https://www.openslr.org/resources/17/musan.tar.gz (public download, no account; place musan.tar.gz under archives/openslr_17_musan/)",eval-noise
openslr_17_musan,openslr_17_musan/musan/noise/free-sound/noise-free-sound-0778,musan,SLR17,noise,public-domain,"All selected recordings were marked as in the Public Domain
on Free Sound (url: https://www.freesound.org/).",CC BY 4.0: attribution,2026-09-08,yes,"https://www.openslr.org/resources/17/musan.tar.gz (public download, no account; place musan.tar.gz under archives/openslr_17_musan/)",aug
openslr_17_musan,openslr_17_musan/musan/noise/free-sound/noise-free-sound-0779,musan,SLR17,noise,public-domain,"All selected recordings were marked as in the Public Domain
on Free Sound (url: https://www.freesound.org/).",CC BY 4.0: attribution,2026-09-08,yes,"https://www.openslr.org/resources/17/musan.tar.gz (public download, no account; place musan.tar.gz under archives/openslr_17_musan/)",aug
openslr_17_musan,openslr_17_musan/musan/noise/free-sound/noise-free-sound-0780,musan,SLR17,noise,public-domain,"All selected recordings were marked as in the Public Domain
on Free Sound (url: https://www.freesound.org/).",CC BY 4.0: attribution,2026-09-08,yes,"https://www.openslr.org/resources/17/musan.tar.gz (public download, no account; place musan.tar.gz under archives/openslr_17_musan/)",aug
openslr_17_musan,openslr_17_musan/musan/noise/free-sound/noise-free-sound-0781,musan,SLR17,noise,public-domain,"All selected recordings were marked as in the Public Domain
on Free Sound (url: https://www.freesound.org/).",CC BY 4.0: attribution,2026-09-08,yes,"https://www.openslr.org/resources/17/musan.tar.gz (public download, no account; place musan.tar.gz under archives/openslr_17_musan/)",aug
openslr_17_musan,openslr_17_musan/musan/noise/free-sound/noise-free-sound-0782,musan,SLR17,noise,public-domain,"All selected recordings were marked as in the Public Domain
on Free Sound (url: https://www.freesound.org/).",CC BY 4.0: attribution,2026-09-08,yes,"https://www.openslr.org/resources/17/musan.tar.gz (public download, no account; place musan.tar.gz under archives/openslr_17_musan/)",aug
openslr_17_musan,openslr_17_musan/musan/noise/free-sound/noise-free-sound-0783,musan,SLR17,noise,public-domain,"All selected recordings were marked as in the Public Domain
on Free Sound (url: https://www.freesound.org/).",CC BY 4.0: attribution,2026-09-08,yes,"https://www.openslr.org/resources/17/musan.tar.gz (public download, no account; place musan.tar.gz under archives/openslr_17_musan/)",aug
openslr_17_musan,openslr_17_musan/musan/noise/free-sound/noise-free-sound-0784,musan,SLR17,noise,public-domain,"All selected recordings were marked as in the Public Domain
on Free Sound (url: https://www.freesound.org/).",CC BY 4.0: attribution,2026-09-08,yes,"https://www.openslr.org/resources/17/musan.tar.gz (public download, no account; place musan.tar.gz under archives/openslr_17_musan/)",eval-noise
openslr_17_musan,openslr_17_musan/musan/noise/free-sound/noise-free-sound-0785,musan,SLR17,noise,public-domain,"All selected recordings were marked as in the Public Domain
on Free Sound (url: https://www.freesound.org/).",CC BY 4.0: attribution,2026-09-08,yes,"https://www.openslr.org/resources/17/musan.tar.gz (public download, no account; place musan.tar.gz under archives/openslr_17_musan/)",eval-noise
openslr_17_musan,openslr_17_musan/musan/noise/free-sound/noise-free-sound-0786,musan,SLR17,noise,public-domain,"All selected recordings were marked as in the Public Domain
on Free Sound (url: https://www.freesound.org/).",CC BY 4.0: attribution,2026-09-08,yes,"https://www.openslr.org/resources/17/musan.tar.gz (public download, no account; place musan.tar.gz under archives/openslr_17_musan/)",aug
openslr_17_musan,openslr_17_musan/musan/noise/free-sound/noise-free-sound-0787,musan,SLR17,noise,public-domain,"All selected recordings were marked as in the Public Domain
on Free Sound (url: https://www.freesound.org/).",CC BY 4.0: attribution,2026-09-08,yes,"https://www.openslr.org/resources/17/musan.tar.gz (public download, no account; place musan.tar.gz under archives/openslr_17_musan/)",aug
openslr_17_musan,openslr_17_musan/musan/noise/free-sound/noise-free-sound-0788,musan,SLR17,noise,public-domain,"All selected recordings were marked as in the Public Domain
on Free Sound (url: https://www.freesound.org/).",CC BY 4.0: attribution,2026-09-08,yes,"https://www.openslr.org/resources/17/musan.tar.gz (public download, no account; place musan.tar.gz under archives/openslr_17_musan/)",aug
openslr_17_musan,openslr_17_musan/musan/noise/free-sound/noise-free-sound-0789,musan,SLR17,noise,public-domain,"All selected recordings were marked as in the Public Domain
on Free Sound (url: https://www.freesound.org/).",CC BY 4.0: attribution,2026-09-08,yes,"https://www.openslr.org/resources/17/musan.tar.gz (public download, no account; place musan.tar.gz under archives/openslr_17_musan/)",aug
openslr_17_musan,openslr_17_musan/musan/noise/free-sound/noise-free-sound-0790,musan,SLR17,noise,public-domain,"All selected recordings were marked as in the Public Domain
on Free Sound (url: https://www.freesound.org/).",CC BY 4.0: attribution,2026-09-08,yes,"https://www.openslr.org/resources/17/musan.tar.gz (public download, no account; place musan.tar.gz under archives/openslr_17_musan/)",aug
openslr_17_musan,openslr_17_musan/musan/noise/free-sound/noise-free-sound-0791,musan,SLR17,noise,public-domain,"All selected recordings were marked as in the Public Domain
on Free Sound (url: https://www.freesound.org/).",CC BY 4.0: attribution,2026-09-08,yes,"https://www.openslr.org/resources/17/musan.tar.gz (public download, no account; place musan.tar.gz under archives/openslr_17_musan/)",aug
openslr_17_musan,openslr_17_musan/musan/noise/free-sound/noise-free-sound-0792,musan,SLR17,noise,public-domain,"All selected recordings were marked as in the Public Domain
on Free Sound (url: https://www.freesound.org/).",CC BY 4.0: attribution,2026-09-08,yes,"https://www.openslr.org/resources/17/musan.tar.gz (public download, no account; place musan.tar.gz under archives/openslr_17_musan/)",aug
openslr_17_musan,openslr_17_musan/musan/noise/free-sound/noise-free-sound-0793,musan,SLR17,noise,public-domain,"All selected recordings were marked as in the Public Domain
on Free Sound (url: https://www.freesound.org/).",CC BY 4.0: attribution,2026-09-08,yes,"https://www.openslr.org/resources/17/musan.tar.gz (public download, no account; place musan.tar.gz under archives/openslr_17_musan/)",aug
openslr_17_musan,openslr_17_musan/musan/noise/free-sound/noise-free-sound-0794,musan,SLR17,noise,public-domain,"All selected recordings were marked as in the Public Domain
on Free Sound (url: https://www.freesound.org/).",CC BY 4.0: attribution,2026-09-08,yes,"https://www.openslr.org/resources/17/musan.tar.gz (public download, no account; place musan.tar.gz under archives/openslr_17_musan/)",aug
openslr_17_musan,openslr_17_musan/musan/noise/free-sound/noise-free-sound-0795,musan,SLR17,noise,public-domain,"All selected recordings were marked as in the Public Domain
on Free Sound (url: https://www.freesound.org/).",CC BY 4.0: attribution,2026-09-08,yes,"https://www.openslr.org/resources/17/musan.tar.gz (public download, no account; place musan.tar.gz under archives/openslr_17_musan/)",aug
openslr_17_musan,openslr_17_musan/musan/noise/free-sound/noise-free-sound-0796,musan,SLR17,noise,public-domain,"All selected recordings were marked as in the Public Domain
on Free Sound (url: https://www.freesound.org/).",CC BY 4.0: attribution,2026-09-08,yes,"https://www.openslr.org/resources/17/musan.tar.gz (public download, no account; place musan.tar.gz under archives/openslr_17_musan/)",aug
openslr_17_musan,openslr_17_musan/musan/noise/free-sound/noise-free-sound-0797,musan,SLR17,noise,public-domain,"All selected recordings were marked as in the Public Domain
on Free Sound (url: https://www.freesound.org/).",CC BY 4.0: attribution,2026-09-08,yes,"https://www.openslr.org/resources/17/musan.tar.gz (public download, no account; place musan.tar.gz under archives/openslr_17_musan/)",aug
openslr_17_musan,openslr_17_musan/musan/noise/free-sound/noise-free-sound-0798,musan,SLR17,noise,public-domain,"All selected recordings were marked as in the Public Domain
on Free Sound (url: https://www.freesound.org/).",CC BY 4.0: attribution,2026-09-08,yes,"https://www.openslr.org/resources/17/musan.tar.gz (public download, no account; place musan.tar.gz under archives/openslr_17_musan/)",aug
openslr_17_musan,openslr_17_musan/musan/noise/free-sound/noise-free-sound-0799,musan,SLR17,noise,public-domain,"All selected recordings were marked as in the Public Domain
on Free Sound (url: https://www.freesound.org/).",CC BY 4.0: attribution,2026-09-08,yes,"https://www.openslr.org/resources/17/musan.tar.gz (public download, no account; place musan.tar.gz under archives/openslr_17_musan/)",aug
openslr_17_musan,openslr_17_musan/musan/noise/free-sound/noise-free-sound-0800,musan,SLR17,noise,public-domain,"All selected recordings were marked as in the Public Domain
on Free Sound (url: https://www.freesound.org/).",CC BY 4.0: attribution,2026-09-08,yes,"https://www.openslr.org/resources/17/musan.tar.gz (public download, no account; place musan.tar.gz under archives/openslr_17_musan/)",aug
openslr_17_musan,openslr_17_musan/musan/noise/free-sound/noise-free-sound-0801,musan,SLR17,noise,public-domain,"All selected recordings were marked as in the Public Domain
on Free Sound (url: https://www.freesound.org/).",CC BY 4.0: attribution,2026-09-08,yes,"https://www.openslr.org/resources/17/musan.tar.gz (public download, no account; place musan.tar.gz under archives/openslr_17_musan/)",aug
openslr_17_musan,openslr_17_musan/musan/noise/free-sound/noise-free-sound-0802,musan,SLR17,noise,public-domain,"All selected recordings were marked as in the Public Domain
on Free Sound (url: https://www.freesound.org/).",CC BY 4.0: attribution,2026-09-08,yes,"https://www.openslr.org/resources/17/musan.tar.gz (public download, no account; place musan.tar.gz under archives/openslr_17_musan/)",aug
openslr_17_musan,openslr_17_musan/musan/noise/free-sound/noise-free-sound-0803,musan,SLR17,noise,public-domain,"All selected recordings were marked as in the Public Domain
on Free Sound (url: https://www.freesound.org/).",CC BY 4.0: attribution,2026-09-08,yes,"https://www.openslr.org/resources/17/musan.tar.gz (public download, no account; place musan.tar.gz under archives/openslr_17_musan/)",aug
openslr_17_musan,openslr_17_musan/musan/noise/free-sound/noise-free-sound-0804,musan,SLR17,noise,public-domain,"All selected recordings were marked as in the Public Domain
on Free Sound (url: https://www.freesound.org/).",CC BY 4.0: attribution,2026-09-08,yes,"https://www.openslr.org/resources/17/musan.tar.gz (public download, no account; place musan.tar.gz under archives/openslr_17_musan/)",aug
openslr_17_musan,openslr_17_musan/musan/noise/free-sound/noise-free-sound-0805,musan,SLR17,noise,public-domain,"All selected recordings were marked as in the Public Domain
on Free Sound (url: https://www.freesound.org/).",CC BY 4.0: attribution,2026-09-08,yes,"https://www.openslr.org/resources/17/musan.tar.gz (public download, no account; place musan.tar.gz under archives/openslr_17_musan/)",aug
openslr_17_musan,openslr_17_musan/musan/noise/free-sound/noise-free-sound-0806,musan,SLR17,noise,public-domain,"All selected recordings were marked as in the Public Domain
on Free Sound (url: https://www.freesound.org/).",CC BY 4.0: attribution,2026-09-08,yes,"https://www.openslr.org/resources/17/musan.tar.gz (public download, no account; place musan.tar.gz under archives/openslr_17_musan/)",aug
openslr_17_musan,openslr_17_musan/musan/noise/free-sound/noise-free-sound-0807,musan,SLR17,noise,public-domain,"All selected recordings were marked as in the Public Domain
on Free Sound (url: https://www.freesound.org/).",CC BY 4.0: attribution,2026-09-08,yes,"https://www.openslr.org/resources/17/musan.tar.gz (public download, no account; place musan.tar.gz under archives/openslr_17_musan/)",aug
openslr_17_musan,openslr_17_musan/musan/noise/free-sound/noise-free-sound-0808,musan,SLR17,noise,public-domain,"All selected recordings were marked as in the Public Domain
on Free Sound (url: https://www.freesound.org/).",CC BY 4.0: attribution,2026-09-08,yes,"https://www.openslr.org/resources/17/musan.tar.gz (public download, no account; place musan.tar.gz under archives/openslr_17_musan/)",aug
openslr_17_musan,openslr_17_musan/musan/noise/free-sound/noise-free-sound-0809,musan,SLR17,noise,public-domain,"All selected recordings were marked as in the Public Domain
on Free Sound (url: https://www.freesound.org/).",CC BY 4.0: attribution,2026-09-08,yes,"https://www.openslr.org/resources/17/musan.tar.gz (public download, no account; place musan.tar.gz under archives/openslr_17_musan/)",eval-noise
openslr_17_musan,openslr_17_musan/musan/noise/free-sound/noise-free-sound-0810,musan,SLR17,noise,public-domain,"All selected recordings were marked as in the Public Domain
on Free Sound (url: https://www.freesound.org/).",CC BY 4.0: attribution,2026-09-08,yes,"https://www.openslr.org/resources/17/musan.tar.gz (public download, no account; place musan.tar.gz under archives/openslr_17_musan/)",aug
openslr_17_musan,openslr_17_musan/musan/noise/free-sound/noise-free-sound-0811,musan,SLR17,noise,public-domain,"All selected recordings were marked as in the Public Domain
on Free Sound (url: https://www.freesound.org/).",CC BY 4.0: attribution,2026-09-08,yes,"https://www.openslr.org/resources/17/musan.tar.gz (public download, no account; place musan.tar.gz under archives/openslr_17_musan/)",aug
openslr_17_musan,openslr_17_musan/musan/noise/free-sound/noise-free-sound-0812,musan,SLR17,noise,public-domain,"All selected recordings were marked as in the Public Domain
on Free Sound (url: https://www.freesound.org/).",CC BY 4.0: attribution,2026-09-08,yes,"https://www.openslr.org/resources/17/musan.tar.gz (public download, no account; place musan.tar.gz under archives/openslr_17_musan/)",aug
openslr_17_musan,openslr_17_musan/musan/noise/free-sound/noise-free-sound-0813,musan,SLR17,noise,public-domain,"All selected recordings were marked as in the Public Domain
on Free Sound (url: https://www.freesound.org/).",CC BY 4.0: attribution,2026-09-08,yes,"https://www.openslr.org/resources/17/musan.tar.gz (public download, no account; place musan.tar.gz under archives/openslr_17_musan/)",aug
openslr_17_musan,openslr_17_musan/musan/noise/free-sound/noise-free-sound-0814,musan,SLR17,noise,public-domain,"All selected recordings were marked as in the Public Domain
on Free Sound (url: https://www.freesound.org/).",CC BY 4.0: attribution,2026-09-08,yes,"https://www.openslr.org/resources/17/musan.tar.gz (public download, no account; place musan.tar.gz under archives/openslr_17_musan/)",aug
openslr_17_musan,openslr_17_musan/musan/noise/free-sound/noise-free-sound-0815,musan,SLR17,noise,public-domain,"All selected recordings were marked as in the Public Domain
on Free Sound (url: https://www.freesound.org/).",CC BY 4.0: attribution,2026-09-08,yes,"https://www.openslr.org/resources/17/musan.tar.gz (public download, no account; place musan.tar.gz under archives/openslr_17_musan/)",aug
openslr_17_musan,openslr_17_musan/musan/noise/free-sound/noise-free-sound-0816,musan,SLR17,noise,public-domain,"All selected recordings were marked as in the Public Domain
on Free Sound (url: https://www.freesound.org/).",CC BY 4.0: attribution,2026-09-08,yes,"https://www.openslr.org/resources/17/musan.tar.gz (public download, no account; place musan.tar.gz under archives/openslr_17_musan/)",aug
openslr_17_musan,openslr_17_musan/musan/noise/free-sound/noise-free-sound-0817,musan,SLR17,noise,public-domain,"All selected recordings were marked as in the Public Domain
on Free Sound (url: https://www.freesound.org/).",CC BY 4.0: attribution,2026-09-08,yes,"https://www.openslr.org/resources/17/musan.tar.gz (public download, no account; place musan.tar.gz under archives/openslr_17_musan/)",aug
openslr_17_musan,openslr_17_musan/musan/noise/free-sound/noise-free-sound-0818,musan,SLR17,noise,public-domain,"All selected recordings were marked as in the Public Domain
on Free Sound (url: https://www.freesound.org/).",CC BY 4.0: attribution,2026-09-08,yes,"https://www.openslr.org/resources/17/musan.tar.gz (public download, no account; place musan.tar.gz under archives/openslr_17_musan/)",aug
openslr_17_musan,openslr_17_musan/musan/noise/free-sound/noise-free-sound-0819,musan,SLR17,noise,public-domain,"All selected recordings were marked as in the Public Domain
on Free Sound (url: https://www.freesound.org/).",CC BY 4.0: attribution,2026-09-08,yes,"https://www.openslr.org/resources/17/musan.tar.gz (public download, no account; place musan.tar.gz under archives/openslr_17_musan/)",aug
openslr_17_musan,openslr_17_musan/musan/noise/free-sound/noise-free-sound-0820,musan,SLR17,noise,public-domain,"All selected recordings were marked as in the Public Domain
on Free Sound (url: https://www.freesound.org/).",CC BY 4.0: attribution,2026-09-08,yes,"https://www.openslr.org/resources/17/musan.tar.gz (public download, no account; place musan.tar.gz under archives/openslr_17_musan/)",aug
openslr_17_musan,openslr_17_musan/musan/noise/free-sound/noise-free-sound-0821,musan,SLR17,noise,public-domain,"All selected recordings were marked as in the Public Domain
on Free Sound (url: https://www.freesound.org/).",CC BY 4.0: attribution,2026-09-08,yes,"https://www.openslr.org/resources/17/musan.tar.gz (public download, no account; place musan.tar.gz under archives/openslr_17_musan/)",aug
openslr_17_musan,openslr_17_musan/musan/noise/free-sound/noise-free-sound-0822,musan,SLR17,noise,public-domain,"All selected recordings were marked as in the Public Domain
on Free Sound (url: https://www.freesound.org/).",CC BY 4.0: attribution,2026-09-08,yes,"https://www.openslr.org/resources/17/musan.tar.gz (public download, no account; place musan.tar.gz under archives/openslr_17_musan/)",aug
openslr_17_musan,openslr_17_musan/musan/noise/free-sound/noise-free-sound-0823,musan,SLR17,noise,public-domain,"All selected recordings were marked as in the Public Domain
on Free Sound (url: https://www.freesound.org/).",CC BY 4.0: attribution,2026-09-08,yes,"https://www.openslr.org/resources/17/musan.tar.gz (public download, no account; place musan.tar.gz under archives/openslr_17_musan/)",aug
openslr_17_musan,openslr_17_musan/musan/noise/free-sound/noise-free-sound-0824,musan,SLR17,noise,public-domain,"All selected recordings were marked as in the Public Domain
on Free Sound (url: https://www.freesound.org/).",CC BY 4.0: attribution,2026-09-08,yes,"https://www.openslr.org/resources/17/musan.tar.gz (public download, no account; place musan.tar.gz under archives/openslr_17_musan/)",aug
openslr_17_musan,openslr_17_musan/musan/noise/free-sound/noise-free-sound-0825,musan,SLR17,noise,public-domain,"All selected recordings were marked as in the Public Domain
on Free Sound (url: https://www.freesound.org/).",CC BY 4.0: attribution,2026-09-08,yes,"https://www.openslr.org/resources/17/musan.tar.gz (public download, no account; place musan.tar.gz under archives/openslr_17_musan/)",aug
openslr_17_musan,openslr_17_musan/musan/noise/free-sound/noise-free-sound-0826,musan,SLR17,noise,public-domain,"All selected recordings were marked as in the Public Domain
on Free Sound (url: https://www.freesound.org/).",CC BY 4.0: attribution,2026-09-08,yes,"https://www.openslr.org/resources/17/musan.tar.gz (public download, no account; place musan.tar.gz under archives/openslr_17_musan/)",aug
openslr_17_musan,openslr_17_musan/musan/noise/free-sound/noise-free-sound-0827,musan,SLR17,noise,public-domain,"All selected recordings were marked as in the Public Domain
on Free Sound (url: https://www.freesound.org/).",CC BY 4.0: attribution,2026-09-08,yes,"https://www.openslr.org/resources/17/musan.tar.gz (public download, no account; place musan.tar.gz under archives/openslr_17_musan/)",aug
openslr_17_musan,openslr_17_musan/musan/noise/free-sound/noise-free-sound-0828,musan,SLR17,noise,public-domain,"All selected recordings were marked as in the Public Domain
on Free Sound (url: https://www.freesound.org/).",CC BY 4.0: attribution,2026-09-08,yes,"https://www.openslr.org/resources/17/musan.tar.gz (public download, no account; place musan.tar.gz under archives/openslr_17_musan/)",aug
openslr_17_musan,openslr_17_musan/musan/noise/free-sound/noise-free-sound-0829,musan,SLR17,noise,public-domain,"All selected recordings were marked as in the Public Domain
on Free Sound (url: https://www.freesound.org/).",CC BY 4.0: attribution,2026-09-08,yes,"https://www.openslr.org/resources/17/musan.tar.gz (public download, no account; place musan.tar.gz under archives/openslr_17_musan/)",aug
openslr_17_musan,openslr_17_musan/musan/noise/free-sound/noise-free-sound-0830,musan,SLR17,noise,public-domain,"All selected recordings were marked as in the Public Domain
on Free Sound (url: https://www.freesound.org/).",CC BY 4.0: attribution,2026-09-08,yes,"https://www.openslr.org/resources/17/musan.tar.gz (public download, no account; place musan.tar.gz under archives/openslr_17_musan/)",aug
openslr_17_musan,openslr_17_musan/musan/noise/free-sound/noise-free-sound-0831,musan,SLR17,noise,public-domain,"All selected recordings were marked as in the Public Domain
on Free Sound (url: https://www.freesound.org/).",CC BY 4.0: attribution,2026-09-08,yes,"https://www.openslr.org/resources/17/musan.tar.gz (public download, no account; place musan.tar.gz under archives/openslr_17_musan/)",aug
openslr_17_musan,openslr_17_musan/musan/noise/free-sound/noise-free-sound-0832,musan,SLR17,noise,public-domain,"All selected recordings were marked as in the Public Domain
on Free Sound (url: https://www.freesound.org/).",CC BY 4.0: attribution,2026-09-08,yes,"https://www.openslr.org/resources/17/musan.tar.gz (public download, no account; place musan.tar.gz under archives/openslr_17_musan/)",aug
openslr_17_musan,openslr_17_musan/musan/noise/free-sound/noise-free-sound-0833,musan,SLR17,noise,public-domain,"All selected recordings were marked as in the Public Domain
on Free Sound (url: https://www.freesound.org/).",CC BY 4.0: attribution,2026-09-08,yes,"https://www.openslr.org/resources/17/musan.tar.gz (public download, no account; place musan.tar.gz under archives/openslr_17_musan/)",aug
openslr_17_musan,openslr_17_musan/musan/noise/free-sound/noise-free-sound-0834,musan,SLR17,noise,public-domain,"All selected recordings were marked as in the Public Domain
on Free Sound (url: https://www.freesound.org/).",CC BY 4.0: attribution,2026-09-08,yes,"https://www.openslr.org/resources/17/musan.tar.gz (public download, no account; place musan.tar.gz under archives/openslr_17_musan/)",aug
openslr_17_musan,openslr_17_musan/musan/noise/free-sound/noise-free-sound-0835,musan,SLR17,noise,public-domain,"All selected recordings were marked as in the Public Domain
on Free Sound (url: https://www.freesound.org/).",CC BY 4.0: attribution,2026-09-08,yes,"https://www.openslr.org/resources/17/musan.tar.gz (public download, no account; place musan.tar.gz under archives/openslr_17_musan/)",aug
openslr_17_musan,openslr_17_musan/musan/noise/free-sound/noise-free-sound-0836,musan,SLR17,noise,public-domain,"All selected recordings were marked as in the Public Domain
on Free Sound (url: https://www.freesound.org/).",CC BY 4.0: attribution,2026-09-08,yes,"https://www.openslr.org/resources/17/musan.tar.gz (public download, no account; place musan.tar.gz under archives/openslr_17_musan/)",aug
openslr_17_musan,openslr_17_musan/musan/noise/free-sound/noise-free-sound-0837,musan,SLR17,noise,public-domain,"All selected recordings were marked as in the Public Domain
on Free Sound (url: https://www.freesound.org/).",CC BY 4.0: attribution,2026-09-08,yes,"https://www.openslr.org/resources/17/musan.tar.gz (public download, no account; place musan.tar.gz under archives/openslr_17_musan/)",aug
openslr_17_musan,openslr_17_musan/musan/noise/free-sound/noise-free-sound-0838,musan,SLR17,noise,public-domain,"All selected recordings were marked as in the Public Domain
on Free Sound (url: https://www.freesound.org/).",CC BY 4.0: attribution,2026-09-08,yes,"https://www.openslr.org/resources/17/musan.tar.gz (public download, no account; place musan.tar.gz under archives/openslr_17_musan/)",aug
openslr_17_musan,openslr_17_musan/musan/noise/free-sound/noise-free-sound-0839,musan,SLR17,noise,public-domain,"All selected recordings were marked as in the Public Domain
on Free Sound (url: https://www.freesound.org/).",CC BY 4.0: attribution,2026-09-08,yes,"https://www.openslr.org/resources/17/musan.tar.gz (public download, no account; place musan.tar.gz under archives/openslr_17_musan/)",aug
openslr_17_musan,openslr_17_musan/musan/noise/free-sound/noise-free-sound-0840,musan,SLR17,noise,public-domain,"All selected recordings were marked as in the Public Domain
on Free Sound (url: https://www.freesound.org/).",CC BY 4.0: attribution,2026-09-08,yes,"https://www.openslr.org/resources/17/musan.tar.gz (public download, no account; place musan.tar.gz under archives/openslr_17_musan/)",aug
openslr_17_musan,openslr_17_musan/musan/noise/free-sound/noise-free-sound-0841,musan,SLR17,noise,public-domain,"All selected recordings were marked as in the Public Domain
on Free Sound (url: https://www.freesound.org/).",CC BY 4.0: attribution,2026-09-08,yes,"https://www.openslr.org/resources/17/musan.tar.gz (public download, no account; place musan.tar.gz under archives/openslr_17_musan/)",aug
openslr_17_musan,openslr_17_musan/musan/noise/free-sound/noise-free-sound-0842,musan,SLR17,noise,public-domain,"All selected recordings were marked as in the Public Domain
on Free Sound (url: https://www.freesound.org/).",CC BY 4.0: attribution,2026-09-08,yes,"https://www.openslr.org/resources/17/musan.tar.gz (public download, no account; place musan.tar.gz under archives/openslr_17_musan/)",aug
openslr_17_musan,openslr_17_musan/musan/noise/sound-bible/noise-sound-bible-0001,musan,SLR17,noise,CC-BY-3.0,"noise-sound-bible-0001
Title: Answering Machine Beep
License: Attribution 3.0
Recorded by Mike Koenig 
http://soundbible.com/5-Answering-Machine-Beep.html",CC BY 4.0: attribution,2026-09-08,yes,"https://www.openslr.org/resources/17/musan.tar.gz (public download, no account; place musan.tar.gz under archives/openslr_17_musan/)",aug
openslr_17_musan,openslr_17_musan/musan/noise/sound-bible/noise-sound-bible-0002,musan,SLR17,noise,CC-BY-3.0,"noise-sound-bible-0002
Apple Bite
License: Attribution 3.0
Recorded by Simon Craggs
http://soundbible.com/1968-Apple-Bite.html",CC BY 4.0: attribution,2026-09-08,yes,"https://www.openslr.org/resources/17/musan.tar.gz (public download, no account; place musan.tar.gz under archives/openslr_17_musan/)",aug
openslr_17_musan,openslr_17_musan/musan/noise/sound-bible/noise-sound-bible-0003,musan,SLR17,noise,CC-BY-3.0,"noise-sound-bible-0003
Title: Audience Applause
License: Attribution 3.0
Recorded by Matthiew11 
License: Attribution 3.0 
http://soundbible.com/2087-Audience-Applause.html",CC BY 4.0: attribution,2026-09-08,yes,"https://www.openslr.org/resources/17/musan.tar.gz (public download, no account; place musan.tar.gz under archives/openslr_17_musan/)",aug
openslr_17_musan,openslr_17_musan/musan/noise/sound-bible/noise-sound-bible-0004,musan,SLR17,noise,public-domain,"noise-sound-bible-0004
Title: Babbling Brook
License: Public Domain
Recorded by stephan
http://soundbible.com/1776-Babbling-Brook.html",CC BY 4.0: attribution,2026-09-08,yes,"https://www.openslr.org/resources/17/musan.tar.gz (public download, no account; place musan.tar.gz under archives/openslr_17_musan/)",aug
openslr_17_musan,openslr_17_musan/musan/noise/sound-bible/noise-sound-bible-0005,musan,SLR17,noise,CC-BY-3.0,"noise-sound-bible-0005
Title: Background Noise
License: Attribution 3.0
Recorded by Mike Koenig
http://soundbible.com/531-Background-Noise.html",CC BY 4.0: attribution,2026-09-08,yes,"https://www.openslr.org/resources/17/musan.tar.gz (public download, no account; place musan.tar.gz under archives/openslr_17_musan/)",aug
openslr_17_musan,openslr_17_musan/musan/noise/sound-bible/noise-sound-bible-0006,musan,SLR17,noise,public-domain,"noise-sound-bible-0006
Title: Banana Slap
License: Public Domain
Recorded by AngryFlash
http://soundbible.com/2047-Banana-Slap.html",CC BY 4.0: attribution,2026-09-08,yes,"https://www.openslr.org/resources/17/musan.tar.gz (public download, no account; place musan.tar.gz under archives/openslr_17_musan/)",aug
openslr_17_musan,openslr_17_musan/musan/noise/sound-bible/noise-sound-bible-0007,musan,SLR17,noise,CC-BY-3.0,"noise-sound-bible-0007
Title: Missile Alert
License: Attribution 3.0
Recorded by BOMB SIREN
http://soundbible.com/2056-Missile-Alert.html",CC BY 4.0: attribution,2026-09-08,yes,"https://www.openslr.org/resources/17/musan.tar.gz (public download, no account; place musan.tar.gz under archives/openslr_17_musan/)",aug
openslr_17_musan,openslr_17_musan/musan/noise/sound-bible/noise-sound-bible-0008,musan,SLR17,noise,CC-BY-3.0,"noise-sound-bible-0008
Title: Busy Signal
License: Attribution 3.0
Recorded by Mike Koenig
http://soundbible.com/1072-Busy-Signal.html",CC BY 4.0: attribution,2026-09-08,yes,"https://www.openslr.org/resources/17/musan.tar.gz (public download, no account; place musan.tar.gz under archives/openslr_17_musan/)",eval-noise
openslr_17_musan,openslr_17_musan/musan/noise/sound-bible/noise-sound-bible-0009,musan,SLR17,noise,CC-BY-3.0,"noise-sound-bible-0009
Title: Buzz Fade Out
License: Attribution 3.0
Recorded by Mike Koenig
http://soundbible.com/1198-Buzz-Fade-Out.html",CC BY 4.0: attribution,2026-09-08,yes,"https://www.openslr.org/resources/17/musan.tar.gz (public download, no account; place musan.tar.gz under archives/openslr_17_musan/)",aug
openslr_17_musan,openslr_17_musan/musan/noise/sound-bible/noise-sound-bible-0010,musan,SLR17,noise,CC-BY-3.0,"noise-sound-bible-0010
Title: Buzz
License: Attribution 3.0
Recorded by KP 
http://soundbible.com/1581-Buzz.html",CC BY 4.0: attribution,2026-09-08,yes,"https://www.openslr.org/resources/17/musan.tar.gz (public download, no account; place musan.tar.gz under archives/openslr_17_musan/)",aug
openslr_17_musan,openslr_17_musan/musan/noise/sound-bible/noise-sound-bible-0011,musan,SLR17,noise,CC-BY-3.0,"noise-sound-bible-0011
Title: Canadian Geese Migration
License: Attribution 3.0
Recorded by Mike Koenig
http://soundbible.com/1861-Canadian-Geese-Migration.html",CC BY 4.0: attribution,2026-09-08,yes,"https://www.openslr.org/resources/17/musan.tar.gz (public download, no account; place musan.tar.gz under archives/openslr_17_musan/)",aug
openslr_17_musan,openslr_17_musan/musan/noise/sound-bible/noise-sound-bible-0012,musan,SLR17,noise,CC-BY-3.0,"noise-sound-bible-0012
Title: Best Cardinal Bird
License: Attribution 3.0
Recorded by PsychoBird
http://soundbible.com/1515-Best-Cardinal-Bird.html",CC BY 4.0: attribution,2026-09-08,yes,"https://www.openslr.org/resources/17/musan.tar.gz (public download, no account; place musan.tar.gz under archives/openslr_17_musan/)",aug
openslr_17_musan,openslr_17_musan/musan/noise/sound-bible/noise-sound-bible-0013,musan,SLR17,noise,CC-BY-3.0,"noise-sound-bible-0013
Title: Cat Meow 2
License: Attribution 3.0
Recorded by Cat Stevens 
http://soundbible.com/1954-Cat-Meow-2.html",CC BY 4.0: attribution,2026-09-08,yes,"https://www.openslr.org/resources/17/musan.tar.gz (public download, no account; place musan.tar.gz under archives/openslr_17_musan/)",aug
openslr_17_musan,openslr_17_musan/musan/noise/sound-bible/noise-sound-bible-0014,musan,SLR17,noise,CC-BY-3.0,"noise-sound-bible-0014
Title: Cicada
License: Attribution 3.0
Recorded by Mike Koenig
http://soundbible.com/920-Cicada.html",CC BY 4.0: attribution,2026-09-08,yes,"https://www.openslr.org/resources/17/musan.tar.gz (public download, no account; place musan.tar.gz under archives/openslr_17_musan/)",aug
openslr_17_musan,openslr_17_musan/musan/noise/sound-bible/noise-sound-bible-0015,musan,SLR17,noise,public-domain,"noise-sound-bible-0015
Title: City Ambiance
License: Public Domain
Recorded by lezer 
http://soundbible.com/1266-City-Ambiance.html",CC BY 4.0: attribution,2026-09-08,yes,"https://www.openslr.org/resources/17/musan.tar.gz (public download, no account; place musan.tar.gz under archives/openslr_17_musan/)",aug
openslr_17_musan,openslr_17_musan/musan/noise/sound-bible/noise-sound-bible-0016,musan,SLR17,noise,CC-BY-3.0,"noise-sound-bible-0016
Title: City Centre
License: Attribution 3.0
Recorded by Hopeinawe
http://soundbible.com/2000-City-Centre.html",CC BY 4.0: attribution,2026-09-08,yes,"https://www.openslr.org/resources/17/musan.tar.gz (public download, no account; place musan.tar.gz under archives/openslr_17_musan/)",aug
openslr_17_musan,openslr_17_musan/musan/noise/sound-bible/noise-sound-bible-0017,musan,SLR17,noise,public-domain,"noise-sound-bible-0017
Title: Coin Drop
License: Public Domain
Recorded by Willem Hunt
http://soundbible.com/2081-Coin-Drop.html",CC BY 4.0: attribution,2026-09-08,yes,"https://www.openslr.org/resources/17/musan.tar.gz (public download, no account; place musan.tar.gz under archives/openslr_17_musan/)",aug
openslr_17_musan,openslr_17_musan/musan/noise/sound-bible/noise-sound-bible-0018,musan,SLR17,noise,CC-BY-3.0,"noise-sound-bible-0018
Title: UFO Landing
License: Attribution 3.0
Recorded by Sonidor
http://soundbible.com/2063-UFO-Landing.html",CC BY 4.0: attribution,2026-09-08,yes,"https://www.openslr.org/resources/17/musan.tar.gz (public download, no account; place musan.tar.gz under archives/openslr_17_musan/)",eval-noise
openslr_17_musan,openslr_17_musan/musan/noise/sound-bible/noise-sound-bible-0019,musan,SLR17,noise,CC-BY-3.0,"noise-sound-bible-0019
Title: Dialing Phone Number
License: Attribution 3.0
Recorded by Mike Koenig 
http://soundbible.com/418-Dialing-Phone-Number.html",CC BY 4.0: attribution,2026-09-08,yes,"https://www.openslr.org/resources/17/musan.tar.gz (public download, no account; place musan.tar.gz under archives/openslr_17_musan/)",aug
openslr_17_musan,openslr_17_musan/musan/noise/sound-bible/noise-sound-bible-0020,musan,SLR17,noise,CC-BY-3.0,"noise-sound-bible-0020
Title: Dial Tone
License: Attribution 3.0
Recorded by Mike Koenig
http://soundbible.com/1070-Dial-Tone.html",CC BY 4.0: attribution,2026-09-08,yes,"https://www.openslr.org/resources/17/musan.tar.gz (public download, no account; place musan.tar.gz under archives/openslr_17_musan/)",aug
openslr_17_musan,openslr_17_musan/musan/noise/sound-bible/noise-sound-bible-0021,musan,SLR17,noise,public-domain,"noise-sound-bible-0021
Title: Dishwasher
License: Public Domain
Recorded by stephan
http://soundbible.com/1667-Dishwasher.html",CC BY 4.0: attribution,2026-09-08,yes,"https://www.openslr.org/resources/17/musan.tar.gz (public download, no account; place musan.tar.gz under archives/openslr_17_musan/)",aug
openslr_17_musan,openslr_17_musan/musan/noise/sound-bible/noise-sound-bible-0022,musan,SLR17,noise,CC-BY-3.0,"noise-sound-bible-0022
Title: Dove
License: Attribution 3.0
Recorded by Mike Koenig
http://soundbible.com/1850-Dove.html",CC BY 4.0: attribution,2026-09-08,yes,"https://www.openslr.org/resources/17/musan.tar.gz (public download, no account; place musan.tar.gz under archives/openslr_17_musan/)",aug
openslr_17_musan,openslr_17_musan/musan/noise/sound-bible/noise-sound-bible-0023,musan,SLR17,noise,CC-BY-3.0,"noise-sound-bible-0023
Title: Eat Chips
License: Attribution 3.0
Recorded by Caroline Ford
http://soundbible.com/912-Eat-Chips.html",CC BY 4.0: attribution,2026-09-08,yes,"https://www.openslr.org/resources/17/musan.tar.gz (public download, no account; place musan.tar.gz under archives/openslr_17_musan/)",aug
openslr_17_musan,openslr_17_musan/musan/noise/sound-bible/noise-sound-bible-0024,musan,SLR17,noise,CC-BY-3.0,"noise-sound-bible-0024
Title: Eating
License: Attribution 3.0
Recorded by Caroline Ford
http://soundbible.com/976-Eating.html",CC BY 4.0: attribution,2026-09-08,yes,"https://www.openslr.org/resources/17/musan.tar.gz (public download, no account; place musan.tar.gz under archives/openslr_17_musan/)",eval-noise
openslr_17_musan,openslr_17_musan/musan/noise/sound-bible/noise-sound-bible-0025,musan,SLR17,noise,public-domain,"noise-sound-bible-0025
Title: Electrical Sweep
License: Public Domain
Recorded by Sweeper
http://soundbible.com/1795-Electrical-Sweep.html",CC BY 4.0: attribution,2026-09-08,yes,"https://www.openslr.org/resources/17/musan.tar.gz (public download, no account; place musan.tar.gz under archives/openslr_17_musan/)",aug
openslr_17_musan,openslr_17_musan/musan/noise/sound-bible/noise-sound-bible-0026,musan,SLR17,noise,CC-BY-3.0,"noise-sound-bible-0026
Title: Eye Poke
License: Attribution 3.0
Recorded by Klocko 
http://soundbible.com/2048-Eye-Poke.html",CC BY 4.0: attribution,2026-09-08,yes,"https://www.openslr.org/resources/17/musan.tar.gz (public download, no account; place musan.tar.gz under archives/openslr_17_musan/)",aug
openslr_17_musan,openslr_17_musan/musan/noise/sound-bible/noise-sound-bible-0027,musan,SLR17,noise,CC-BY-3.0,"noise-sound-bible-0027
Title: Falcon
License: Attribution 3.0
Recorded by Mark Mattingly 
http://soundbible.com/1974-Falcon.html",CC BY 4.0: attribution,2026-09-08,yes,"https://www.openslr.org/resources/17/musan.tar.gz (public download, no account; place musan.tar.gz under archives/openslr_17_musan/)",aug
openslr_17_musan,openslr_17_musan/musan/noise/sound-bible/noise-sound-bible-0028,musan,SLR17,noise,CC-BY-3.0,"noise-sound-bible-0028
Title: Fax Machine
License: Attribution 3.0
Recorded by Mike Koenig 
http://soundbible.com/851-Fax-Machine.html",CC BY 4.0: attribution,2026-09-08,yes,"https://www.openslr.org/resources/17/musan.tar.gz (public download, no account; place musan.tar.gz under archives/openslr_17_musan/)",aug
openslr_17_musan,openslr_17_musan/musan/noise/sound-bible/noise-sound-bible-0029,musan,SLR17,noise,public-domain,"noise-sound-bible-0029
Title: Finger Snapping
License: Public Domain
Recorded by Maddie Fix 
http://soundbible.com/1978-Finger-Snapping.html",CC BY 4.0: attribution,2026-09-08,yes,"https://www.openslr.org/resources/17/musan.tar.gz (public download, no account; place musan.tar.gz under archives/openslr_17_musan/)",aug
openslr_17_musan,openslr_17_musan/musan/noise/sound-bible/noise-sound-bible-0030,musan,SLR17,noise,CC-BY-3.0,"noise-sound-bible-0030
Title: Fire Truck Siren
License: Attribution 3.0
Recorded by FiremanSam
http://soundbible.com/1511-Fire-Truck-Siren.html",CC BY 4.0: attribution,2026-09-08,yes,"https://www.openslr.org/resources/17/musan.tar.gz (public download, no account; place musan.tar.gz under archives/openslr_17_musan/)",aug
openslr_17_musan,openslr_17_musan/musan/noise/sound-bible/noise-sound-bible-0031,musan,SLR17,noise,CC-BY-3.0,"noise-sound-bible-0031
Title: Football Crowd
License: Attribution 3.0
Recorded by GoGo 
http://soundbible.com/1882-Football-Crowd.html",CC BY 4.0: attribution,2026-09-08,yes,"https://www.openslr.org/resources/17/musan.tar.gz (public download, no account; place musan.tar.gz under archives/openslr_17_musan/)",aug
openslr_17_musan,openslr_17_musan/musan/noise/sound-bible/noise-sound-bible-0032,musan,SLR17,noise,public-domain,"noise-sound-bible-0032
Title: Footsteps On Cement
License: Public Domain
Recorded by Tim Fryer
http://soundbible.com/2057-Footsteps-On-Cement.html",CC BY 4.0: attribution,2026-09-08,yes,"https://www.openslr.org/resources/17/musan.tar.gz (public download, no account; place musan.tar.gz under archives/openslr_17_musan/)",aug
openslr_17_musan,openslr_17_musan/musan/noise/sound-bible/noise-sound-bible-0033,musan,SLR17,noise,CC-BY-3.0,"noise-sound-bible-0033
Title: Frying Chicken
License: Attribution 3.0
Recorded by Mike Koenig
http://soundbible.com/1482-Frying-Chicken.html",CC BY 4.0: attribution,2026-09-08,yes,"https://www.openslr.org/resources/17/musan.tar.gz (public download, no account; place musan.tar.gz under archives/openslr_17_musan/)",aug
openslr_17_musan,openslr_17_musan/musan/noise/sound-bible/noise-sound-bible-0034,musan,SLR17,noise,CC-BY-3.0,"noise-sound-bible-0034
Title: Gun Battle Sound
About: Guns bullet flybysricochets distant artillery explosions
License: Attribution 3.0
Recorded by ReamProductions
http://soundbible.com/2078-Gun-Battle-Sound.html",CC BY 4.0: attribution,2026-09-08,yes,"https://www.openslr.org/resources/17/musan.tar.gz (public download, no account; place musan.tar.gz under archives/openslr_17_musan/)",aug
openslr_17_musan,openslr_17_musan/musan/noise/sound-bible/noise-sound-bible-0035,musan,SLR17,noise,public-domain,"noise-sound-bible-0035
Title: Hammering
License: Public Domain
Recorded by Lisa Redfern 
http://soundbible.com/2082-Hammering.html",CC BY 4.0: attribution,2026-09-08,yes,"https://www.openslr.org/resources/17/musan.tar.gz (public download, no account; place musan.tar.gz under archives/openslr_17_musan/)",aug
openslr_17_musan,openslr_17_musan/musan/noise/sound-bible/noise-sound-bible-0036,musan,SLR17,noise,CC-BY-3.0,"noise-sound-bible-0036
Title: Helicopter Approach
License: Attribution 3.0
Recorded by Mike Koenig
http://soundbible.com/2074-Helicopter-Approach.html",CC BY 4.0: attribution,2026-09-08,yes,"https://www.openslr.org/resources/17/musan.tar.gz (public download, no account; place musan.tar.gz under archives/openslr_17_musan/)",aug
openslr_17_musan,openslr_17_musan/musan/noise/sound-bible/noise-sound-bible-0037,musan,SLR17,noise,CC-BY-3.0,"noise-sound-bible-0037
Title: Hole Punch
License: Attribution 3.0
Recorded by Simon Craggs
http://soundbible.com/1969-Hole-Punch.html",CC BY 4.0: attribution,2026-09-08,yes,"https://www.openslr.org/resources/17/musan.tar.gz (public download, no account; place musan.tar.gz under archives/openslr_17_musan/)",eval-noise
openslr_17_musan,openslr_17_musan/musan/noise/sound-bible/noise-sound-bible-0038,musan,SLR17,noise,CC-BY-3.0,"noise-sound-bible-0038
Title: Home Phone Ringing
License: Attribution 3.0
Recorded by Mike Koenig
http://soundbible.com/315-Home-Phone-Ringing.html",CC BY 4.0: attribution,2026-09-08,yes,"https://www.openslr.org/resources/17/musan.tar.gz (public download, no account; place musan.tar.gz under archives/openslr_17_musan/)",eval-noise
openslr_17_musan,openslr_17_musan/musan/noise/sound-bible/noise-sound-bible-0039,musan,SLR17,noise,public-domain,"noise-sound-bible-0039
Title: DTMF Tones
License: Public Domain
Recorded by KevanGC
http://soundbible.com/1573-DTMF-Tones.html",CC BY 4.0: attribution,2026-09-08,yes,"https://www.openslr.org/resources/17/musan.tar.gz (public download, no account; place musan.tar.gz under archives/openslr_17_musan/)",aug
openslr_17_musan,openslr_17_musan/musan/noise/sound-bible/noise-sound-bible-0040,musan,SLR17,noise,CC-BY-3.0,"noise-sound-bible-0040
Title: Large Chains
License: Attribution 3.0
Recorded by Mike Koenig 
http://soundbible.com/1101-Large-Chains.html",CC BY 4.0: attribution,2026-09-08,yes,"https://www.openslr.org/resources/17/musan.tar.gz (public download, no account; place musan.tar.gz under archives/openslr_17_musan/)",aug
openslr_17_musan,openslr_17_musan/musan/noise/sound-bible/noise-sound-bible-0041,musan,SLR17,noise,CC-BY-3.0,"noise-sound-bible-0041
Title: Mallard Duck Quacking
License: Attribution 3.0
Recorded by Mike Koenig
http://soundbible.com/1862-Mallard-Duck-Quacking.html",CC BY 4.0: attribution,2026-09-08,yes,"https://www.openslr.org/resources/17/musan.tar.gz (public download, no account; place musan.tar.gz under archives/openslr_17_musan/)",aug
openslr_17_musan,openslr_17_musan/musan/noise/sound-bible/noise-sound-bible-0042,musan,SLR17,noise,CC-BY-3.0,"noise-sound-bible-0042
Title: Metal Gong 1
License: Attribution 3.0
Recorded by Dianakc 
http://soundbible.com/2062-Metal-Gong-1.html",CC BY 4.0: attribution,2026-09-08,yes,"https://www.openslr.org/resources/17/musan.tar.gz (public download, no account; place musan.tar.gz under archives/openslr_17_musan/)",aug
openslr_17_musan,openslr_17_musan/musan/noise/sound-bible/noise-sound-bible-0043,musan,SLR17,noise,public-domain,"noise-sound-bible-0043
Title: Modem
About: A modem or fax machine noise.
License: Public Domain
Recorded by KP
http://soundbible.com/1701-Modem.html",CC BY 4.0: attribution,2026-09-08,yes,"https://www.openslr.org/resources/17/musan.tar.gz (public download, no account; place musan.tar.gz under archives/openslr_17_musan/)",aug
openslr_17_musan,openslr_17_musan/musan/noise/sound-bible/noise-sound-bible-0044,musan,SLR17,noise,public-domain,"noise-sound-bible-0044
Title: Mosquito Ringtone
License: Public Domain
Recorded by KevanGC 
http://soundbible.com/1591-Mosquito-Ringtone.html",CC BY 4.0: attribution,2026-09-08,yes,"https://www.openslr.org/resources/17/musan.tar.gz (public download, no account; place musan.tar.gz under archives/openslr_17_musan/)",aug
openslr_17_musan,openslr_17_musan/musan/noise/sound-bible/noise-sound-bible-0045,musan,SLR17,noise,public-domain,"noise-sound-bible-0045
Title: Annoying Speaker Pulsing
License: Public Domain
Recorded by Ethan Buck 
http://soundbible.com/2085-Annoying-Speaker-Pulsing.html",CC BY 4.0: attribution,2026-09-08,yes,"https://www.openslr.org/resources/17/musan.tar.gz (public download, no account; place musan.tar.gz under archives/openslr_17_musan/)",aug
openslr_17_musan,openslr_17_musan/musan/noise/sound-bible/noise-sound-bible-0046,musan,SLR17,noise,CC-BY-3.0,"noise-sound-bible-0046
Title: MP5 SMG 9mm
License: Attribution 3.0
Recorded by gunguru
http://soundbible.com/2091-MP5-SMG-9mm.html",CC BY 4.0: attribution,2026-09-08,yes,"https://www.openslr.org/resources/17/musan.tar.gz (public download, no account; place musan.tar.gz under archives/openslr_17_musan/)",aug
openslr_17_musan,openslr_17_musan/musan/noise/sound-bible/noise-sound-bible-0047,musan,SLR17,noise,CC-BY-3.0,"noise-sound-bible-0047
Title: Neighborhood Dogs Barking
License: Attribution 3.0
Recorded by Ca9
http://soundbible.com/1514-Neighborhood-Dogs-Barking.html",CC BY 4.0: attribution,2026-09-08,yes,"https://www.openslr.org/resources/17/musan.tar.gz (public download, no account; place musan.tar.gz under archives/openslr_17_musan/)",aug
openslr_17_musan,openslr_17_musan/musan/noise/sound-bible/noise-sound-bible-0048,musan,SLR17,noise,CC-BY-3.0,"noise-sound-bible-0048
Title: Night Rain In Russian City
License: Attribution 3.0
Recorded by Alexander Tram
http://soundbible.com/2059-Night-Rain-In-Russian-City.html",CC BY 4.0: attribution,2026-09-08,yes,"https://www.openslr.org/resources/17/musan.tar.gz (public download, no account; place musan.tar.gz under archives/openslr_17_musan/)",aug
openslr_17_musan,openslr_17_musan/musan/noise/sound-bible/noise-sound-bible-0049,musan,SLR17,noise,public-domain,"noise-sound-bible-0049
Title: Crickets Chirping At Night
License: Public Domain
Recorded by Lisa Redfern
http://soundbible.com/2083-Crickets-Chirping-At-Night.html",CC BY 4.0: attribution,2026-09-08,yes,"https://www.openslr.org/resources/17/musan.tar.gz (public download, no account; place musan.tar.gz under archives/openslr_17_musan/)",aug
openslr_17_musan,openslr_17_musan/musan/noise/sound-bible/noise-sound-bible-0050,musan,SLR17,noise,CC-BY-3.0,"noise-sound-bible-0050
Title: Page Turn
License: Attribution 3.0
Recorded by Mark DiAngelo
http://soundbible.com/2066-Page-Turn.html",CC BY 4.0: attribution,2026-09-08,yes,"https://www.openslr.org/resources/17/musan.tar.gz (public download, no account; place musan.tar.gz under archives/openslr_17_musan/)",aug
openslr_17_musan,openslr_17_musan/musan/noise/sound-bible/noise-sound-bible-0051,musan,SLR17,noise,CC-BY-3.0,"noise-sound-bible-0051
Title: Pen Clicking
License: Attribution 3.0
Recorded by Mike Koenig
http://soundbible.com/835-Pen-Clicking.html",CC BY 4.0: attribution,2026-09-08,yes,"https://www.openslr.org/resources/17/musan.tar.gz (public download, no account; place musan.tar.gz under archives/openslr_17_musan/)",aug
openslr_17_musan,openslr_17_musan/musan/noise/sound-bible/noise-sound-bible-0052,musan,SLR17,noise,public-domain,"noise-sound-bible-0052
Title: Phone Dialing With Dialtone
License: Public Domain
Recorded by KevanGC
http://soundbible.com/1560-Phone-Dialing-With-Dialtone.html",CC BY 4.0: attribution,2026-09-08,yes,"https://www.openslr.org/resources/17/musan.tar.gz (public download, no account; place musan.tar.gz under archives/openslr_17_musan/)",aug
openslr_17_musan,openslr_17_musan/musan/noise/sound-bible/noise-sound-bible-0053,musan,SLR17,noise,CC-BY-3.0,"noise-sound-bible-0053
Title: Phone Off Hook
License: Attribution 3.0
Recorded by Mike Koenig 
http://soundbible.com/1091-Phone-Off-Hook.html",CC BY 4.0: attribution,2026-09-08,yes,"https://www.openslr.org/resources/17/musan.tar.gz (public download, no account; place musan.tar.gz under archives/openslr_17_musan/)",aug
openslr_17_musan,openslr_17_musan/musan/noise/sound-bible/noise-sound-bible-0054,musan,SLR17,noise,CC-BY-3.0,"noise-sound-bible-0054
Title: Phone Ringing 8x
License: Attribution 3.0
Recorded by Mike Koenig 
http://soundbible.com/1869-Phone-Ringing-8x.html",CC BY 4.0: attribution,2026-09-08,yes,"https://www.openslr.org/resources/17/musan.tar.gz (public download, no account; place musan.tar.gz under archives/openslr_17_musan/)",aug
openslr_17_musan,openslr_17_musan/musan/noise/sound-bible/noise-sound-bible-0055,musan,SLR17,noise,CC-BY-3.0,"noise-sound-bible-0055
Title: Phone Ringing
License: Attribution 3.0
Recorded by acclivity
http://soundbible.com/1518-Phone-Ringing.html",CC BY 4.0: attribution,2026-09-08,yes,"https://www.openslr.org/resources/17/musan.tar.gz (public download, no account; place musan.tar.gz under archives/openslr_17_musan/)",aug
openslr_17_musan,openslr_17_musan/musan/noise/sound-bible/noise-sound-bible-0056,musan,SLR17,noise,CC-BY-3.0,"noise-sound-bible-0056
Title: Phone Vibrating
License: Attribution 3.0
Recorded by Sound Explorer
http://soundbible.com/1994-Phone-Vibrating.html",CC BY 4.0: attribution,2026-09-08,yes,"https://www.openslr.org/resources/17/musan.tar.gz (public download, no account; place musan.tar.gz under archives/openslr_17_musan/)",aug
openslr_17_musan,openslr_17_musan/musan/noise/sound-bible/noise-sound-bible-0057,musan,SLR17,noise,CC-BY-3.0,"noise-sound-bible-0057
Title: Piano Breaking
License: Attribution 3.0
Recorded by Brandondorf 
http://soundbible.com/2086-Piano-Breaking.html",CC BY 4.0: attribution,2026-09-08,yes,"https://www.openslr.org/resources/17/musan.tar.gz (public download, no account; place musan.tar.gz under archives/openslr_17_musan/)",aug
openslr_17_musan,openslr_17_musan/musan/noise/sound-bible/noise-sound-bible-0058,musan,SLR17,noise,CC-BY-3.0,"noise-sound-bible-0058
Title: Pin Dropping
License: Attribution 3.0
Recorded by Brian Rocca
http://soundbible.com/1992-Pin-Dropping.html",CC BY 4.0: attribution,2026-09-08,yes,"https://www.openslr.org/resources/17/musan.tar.gz (public download, no account; place musan.tar.gz under archives/openslr_17_musan/)",aug
openslr_17_musan,openslr_17_musan/musan/noise/sound-bible/noise-sound-bible-0059,musan,SLR17,noise,public-domain,"noise-sound-bible-0059
Title: Police
License: Public Domain
Recorded by TheCristi95
http://soundbible.com/1819-Police.html",CC BY 4.0: attribution,2026-09-08,yes,"https://www.openslr.org/resources/17/musan.tar.gz (public download, no account; place musan.tar.gz under archives/openslr_17_musan/)",aug
openslr_17_musan,openslr_17_musan/musan/noise/sound-bible/noise-sound-bible-0060,musan,SLR17,noise,CC-BY-3.0,"noise-sound-bible-0060
Title: Railroad Crossing Bell
License: Attribution 3.0
Recorded by Brylon Terry
http://soundbible.com/2070-Railroad-Crossing-Bell.html",CC BY 4.0: attribution,2026-09-08,yes,"https://www.openslr.org/resources/17/musan.tar.gz (public download, no account; place musan.tar.gz under archives/openslr_17_musan/)",aug
openslr_17_musan,openslr_17_musan/musan/noise/sound-bible/noise-sound-bible-0061,musan,SLR17,noise,CC-BY-3.0,"noise-sound-bible-0061
Title: Rain Inside House
License: Attribution 3.0
Recorded by Mark DiAngelo 
http://soundbible.com/2065-Rain-Inside-House.html",CC BY 4.0: attribution,2026-09-08,yes,"https://www.openslr.org/resources/17/musan.tar.gz (public download, no account; place musan.tar.gz under archives/openslr_17_musan/)",aug
openslr_17_musan,openslr_17_musan/musan/noise/sound-bible/noise-sound-bible-0062,musan,SLR17,noise,CC-BY-3.0,"noise-sound-bible-0062
Title: Rain
License: Attribution 3.0
Recorded by Mike Koenig
http://soundbible.com/1158-Rain.html",CC BY 4.0: attribution,2026-09-08,yes,"https://www.openslr.org/resources/17/musan.tar.gz (public download, no account; place musan.tar.gz under archives/openslr_17_musan/)",aug
openslr_17_musan,openslr_17_musan/musan/noise/sound-bible/noise-sound-bible-0063,musan,SLR17,noise,CC-BY-3.0,"noise-sound-bible-0063
Title: Record Player Static
License: Attribution 3.0
Recorded by Mike Koenig
http://soundbible.com/1674-Record-Player-Static.html",CC BY 4.0: attribution,2026-09-08,yes,"https://www.openslr.org/resources/17/musan.tar.gz (public download, no account; place musan.tar.gz under archives/openslr_17_musan/)",aug
openslr_17_musan,openslr_17_musan/musan/noise/sound-bible/noise-sound-bible-0064,musan,SLR17,noise,CC-BY-3.0,"noise-sound-bible-0064
Title: Rockslide Small
License: Attribution 3.0
Recorded by Sound Explorer
http://soundbible.com/1987-Rockslide-Small.html",CC BY 4.0: attribution,2026-09-08,yes,"https://www.openslr.org/resources/17/musan.tar.gz (public download, no account; place musan.tar.gz under archives/openslr_17_musan/)",aug
openslr_17_musan,openslr_17_musan/musan/noise/sound-bible/noise-sound-bible-0065,musan,SLR17,noise,CC-BY-3.0,"noise-sound-bible-0065
Title: RPG Plus Shrapnel
License: Attribution 3.0
Recorded by Mike Koenig
http://soundbible.com/2075-RPG-Plus-Shrapnel.html",CC BY 4.0: attribution,2026-09-08,yes,"https://www.openslr.org/resources/17/musan.tar.gz (public download, no account; place musan.tar.gz under archives/openslr_17_musan/)",aug
openslr_17_musan,openslr_17_musan/musan/noise/sound-bible/noise-sound-bible-0066,musan,SLR17,noise,CC-BY-3.0,"noise-sound-bible-0066
Title: Rustle
License: Attribution 3.0
Recorded by Caroline Ford
http://soundbible.com/895-Rustle.html",CC BY 4.0: attribution,2026-09-08,yes,"https://www.openslr.org/resources/17/musan.tar.gz (public download, no account; place musan.tar.gz under archives/openslr_17_musan/)",aug
openslr_17_musan,openslr_17_musan/musan/noise/sound-bible/noise-sound-bible-0067,musan,SLR17,noise,CC-BY-3.0,"noise-sound-bible-0067
Title: School Fire Alarm
License: Attribution 3.0
Recorded by Cullen Card
http://soundbible.com/2022-School-Fire-Alarm.html",CC BY 4.0: attribution,2026-09-08,yes,"https://www.openslr.org/resources/17/musan.tar.gz (public download, no account; place musan.tar.gz under archives/openslr_17_musan/)",aug
openslr_17_musan,openslr_17_musan/musan/noise/sound-bible/noise-sound-bible-0068,musan,SLR17,noise,CC-BY-3.0,"noise-sound-bible-0068
Title: Sharpen Knife
License: Attribution 3.0
Recorded by J Bravo 
http://soundbible.com/2025-Sharpen-Knife.html",CC BY 4.0: attribution,2026-09-08,yes,"https://www.openslr.org/resources/17/musan.tar.gz (public download, no account; place musan.tar.gz under archives/openslr_17_musan/)",aug
openslr_17_musan,openslr_17_musan/musan/noise/sound-bible/noise-sound-bible-0069,musan,SLR17,noise,CC-BY-3.0,"noise-sound-bible-0069
Title: Shooting Star
License: Attribution 3.0
Recorded by Mike Koenig
http://soundbible.com/1744-Shooting-Star.html",CC BY 4.0: attribution,2026-09-08,yes,"https://www.openslr.org/resources/17/musan.tar.gz (public download, no account; place musan.tar.gz under archives/openslr_17_musan/)",aug
openslr_17_musan,openslr_17_musan/musan/noise/sound-bible/noise-sound-bible-0070,musan,SLR17,noise,CC-BY-3.0,"noise-sound-bible-0070
Title: Short Dial Tone
License: Attribution 3.0
Recorded by Mike Koenig
http://soundbible.com/1118-Short-Dial-Tone.html",CC BY 4.0: attribution,2026-09-08,yes,"https://www.openslr.org/resources/17/musan.tar.gz (public download, no account; place musan.tar.gz under archives/openslr_17_musan/)",aug
openslr_17_musan,openslr_17_musan/musan/noise/sound-bible/noise-sound-bible-0071,musan,SLR17,noise,CC-BY-3.0,"noise-sound-bible-0071
Title: Silly Farts
Recorded by Joe
License: Attribution 3.0 
http://soundbible.com/2088-Silly-Farts.html",CC BY 4.0: attribution,2026-09-08,yes,"https://www.openslr.org/resources/17/musan.tar.gz (public download, no account; place musan.tar.gz under archives/openslr_17_musan/)",aug
openslr_17_musan,openslr_17_musan/musan/noise/sound-bible/noise-sound-bible-0072,musan,SLR17,noise,public-domain,"noise-sound-bible-0072
Title: Skype Feedback
License: Public Domain
Recorded by ezwa
http://soundbible.com/1349-Skype-Feedback.html",CC BY 4.0: attribution,2026-09-08,yes,"https://www.openslr.org/resources/17/musan.tar.gz (public download, no account; place musan.tar.gz under archives/openslr_17_musan/)",aug
openslr_17_musan,openslr_17_musan/musan/noise/sound-bible/noise-sound-bible-0073,musan,SLR17,noise,CC-BY-3.0,"noise-sound-bible-0073
Title: Sqeaking Door
License: Attribution 3.0
Recorded by Sarasprella
http://soundbible.com/1870-Sqeaking-Door.html",CC BY 4.0: attribution,2026-09-08,yes,"https://www.openslr.org/resources/17/musan.tar.gz (public download, no account; place musan.tar.gz under archives/openslr_17_musan/)",aug
openslr_17_musan,openslr_17_musan/musan/noise/sound-bible/noise-sound-bible-0074,musan,SLR17,noise,public-domain,"noise-sound-bible-0074
Title: Stapling Paper
License: Public Domain
Recorded by earthcalling
http://soundbible.com/1537-Stapling-Paper.html",CC BY 4.0: attribution,2026-09-08,yes,"https://www.openslr.org/resources/17/musan.tar.gz (public download, no account; place musan.tar.gz under archives/openslr_17_musan/)",aug
openslr_17_musan,openslr_17_musan/musan/noise/sound-bible/noise-sound-bible-0075,musan,SLR17,noise,public-domain,"noise-sound-bible-0075
Title: Sunday Church Ambiance
License: Public Domain
Recorded by lezer
http://soundbible.com/1264-Sunday-Church-Ambiance.html",CC BY 4.0: attribution,2026-09-08,yes,"https://www.openslr.org/resources/17/musan.tar.gz (public download, no account; place musan.tar.gz under archives/openslr_17_musan/)",aug
openslr_17_musan,openslr_17_musan/musan/noise/sound-bible/noise-sound-bible-0076,musan,SLR17,noise,CC-BY-3.0,"noise-sound-bible-0076
Title: Telephone Ring
License: Attribution 3.0
Recorded by transitking 
http://soundbible.com/1411-Telephone-Ring.html",CC BY 4.0: attribution,2026-09-08,yes,"https://www.openslr.org/resources/17/musan.tar.gz (public download, no account; place musan.tar.gz under archives/openslr_17_musan/)",aug
openslr_17_musan,openslr_17_musan/musan/noise/sound-bible/noise-sound-bible-0077,musan,SLR17,noise,CC-BY-3.0,"noise-sound-bible-0077
Title: Temple Bell
License: Attribution 3.0
Recorded by Mike Koenig 
http://soundbible.com/1531-Temple-Bell.html",CC BY 4.0: attribution,2026-09-08,yes,"https://www.openslr.org/resources/17/musan.tar.gz (public download, no account; place musan.tar.gz under archives/openslr_17_musan/)",aug
openslr_17_musan,openslr_17_musan/musan/noise/sound-bible/noise-sound-bible-0078,musan,SLR17,noise,CC-BY-3.0,"noise-sound-bible-0078
Title: Thunder Sound FX
License: Attribution 3.0
Recorded by Grant Evans
http://soundbible.com/2053-Thunder-Sound-FX.html",CC BY 4.0: attribution,2026-09-08,yes,"https://www.openslr.org/resources/17/musan.tar.gz (public download, no account; place musan.tar.gz under archives/openslr_17_musan/)",aug
openslr_17_musan,openslr_17_musan/musan/noise/sound-bible/noise-sound-bible-0079,musan,SLR17,noise,CC-BY-3.0,"noise-sound-bible-0079
Title: Thunder Strike 1
License: Attribution 3.0
Recorded by Mike Koenig
http://soundbible.com/2015-Thunder-Strike-1.html",CC BY 4.0: attribution,2026-09-08,yes,"https://www.openslr.org/resources/17/musan.tar.gz (public download, no account; place musan.tar.gz under archives/openslr_17_musan/)",aug
openslr_17_musan,openslr_17_musan/musan/noise/sound-bible/noise-sound-bible-0080,musan,SLR17,noise,CC-BY-3.0,"noise-sound-bible-0080
Title: Triangle Dinner Bell
License: Attribution 3.0
Recorded by CowBoyTyrone
http://soundbible.com/1525-Triangle-Dinner-Bell.html",CC BY 4.0: attribution,2026-09-08,yes,"https://www.openslr.org/resources/17/musan.tar.gz (public download, no account; place musan.tar.gz under archives/openslr_17_musan/)",aug
openslr_17_musan,openslr_17_musan/musan/noise/sound-bible/noise-sound-bible-0081,musan,SLR17,noise,CC-BY-3.0,"noise-sound-bible-0081
Title: Truck Idle And Pull Off
License: Attribution 3.0
Recorded by Mike Koenig 
http://soundbible.com/1116-Truck-Idle-And-Pull-Off.html",CC BY 4.0: attribution,2026-09-08,yes,"https://www.openslr.org/resources/17/musan.tar.gz (public download, no account; place musan.tar.gz under archives/openslr_17_musan/)",aug
openslr_17_musan,openslr_17_musan/musan/noise/sound-bible/noise-sound-bible-0082,musan,SLR17,noise,CC-BY-3.0,"noise-sound-bible-0082
Title: Warbling Vireo
License: Attribution 3.0
Recorded by Mike Koenig 
http://soundbible.com/1846-Warbling-Vireo.html",CC BY 4.0: attribution,2026-09-08,yes,"https://www.openslr.org/resources/17/musan.tar.gz (public download, no account; place musan.tar.gz under archives/openslr_17_musan/)",aug
openslr_17_musan,openslr_17_musan/musan/noise/sound-bible/noise-sound-bible-0083,musan,SLR17,noise,CC-BY-3.0,"noise-sound-bible-0083
Title: Winchester 1873 Single Shots
License: Attribution 3.0
Recorded by Grant Evans 
http://soundbible.com/2071-Winchester-1873-Single-Shots.html",CC BY 4.0: attribution,2026-09-08,yes,"https://www.openslr.org/resources/17/musan.tar.gz (public download, no account; place musan.tar.gz under archives/openslr_17_musan/)",aug
openslr_17_musan,openslr_17_musan/musan/noise/sound-bible/noise-sound-bible-0084,musan,SLR17,noise,public-domain,"noise-sound-bible-0084
Title: Wind
License: Public Domain
Recorded by Stilgar 
http://soundbible.com/1247-Wind.html",CC BY 4.0: attribution,2026-09-08,yes,"https://www.openslr.org/resources/17/musan.tar.gz (public download, no account; place musan.tar.gz under archives/openslr_17_musan/)",eval-noise
openslr_17_musan,openslr_17_musan/musan/noise/sound-bible/noise-sound-bible-0085,musan,SLR17,noise,CC-BY-3.0,"noise-sound-bible-0085
Title: Woop Woop
License: Attribution 3.0
Recorded by Mike Koenig
http://soundbible.com/1377-Woop-Woop.html",CC BY 4.0: attribution,2026-09-08,yes,"https://www.openslr.org/resources/17/musan.tar.gz (public download, no account; place musan.tar.gz under archives/openslr_17_musan/)",eval-noise
openslr_17_musan,openslr_17_musan/musan/noise/sound-bible/noise-sound-bible-0086,musan,SLR17,noise,CC-BY-3.0,"noise-sound-bible-0086
Title: Woosh
License: Attribution 3.0
Recorded by Mark DiAngelo
http://soundbible.com/2068-Woosh.html",CC BY 4.0: attribution,2026-09-08,yes,"https://www.openslr.org/resources/17/musan.tar.gz (public download, no account; place musan.tar.gz under archives/openslr_17_musan/)",aug
openslr_28,,openslr_28_simulated,SLR28,rir,Apache-2.0,"Ko, T., Peddinti, V., Povey, D., Seltzer, M. L. & Khudanpur, S. (2017). A study on data augmentation of reverberant speech for robust speech recognition. ICASSP 2017. OpenSLR SLR28, Apache License 2.0 (stated on the OpenSLR resource page); the simulated subset only",Apache License 2.0,2026-09-08,yes,"https://www.openslr.org/resources/28/rirs_noises.zip (public download, no account; place rirs_noises.zip under archives/openslr_28/)",aug
speech_commands_keywords,,keyword_list,v0.02,keywords,CC-BY-4.0,"The 35 keywords of Speech Commands v0.02 (Warden, P. (2018). Speech Commands: A Dataset for Limited-Vocabulary Speech Recognition. arXiv:1804.03209. Creative Commons Attribution 4.0 International (CC BY 4.0)), listed from the archive's keyword directories (_background_noise_ excluded): the list the training guide's toy mining run matches against, replaced by MSWC's at M4b",CC BY 4.0: attribution,2026-09-08,yes,repository: tools/ml/kws/fixtures/toy,train
